案類,發生日期,發生地點
搶奪,0930101 0905,台中市北區太平路37號        
搶奪,0930101 1415,台中市南區復興路與東興路口  
搶奪,0930102 2005,台中市北區育德與大德路      
搶奪,0930102 2350,台中市北區一中街167巷1號    
搶奪,0930103 2000,台中市東區忠孝路與正義街口  
搶奪,0930103 2130,台中市西屯區文心路四川路口  
搶奪,0930104 0630,台中市西屯區台中港路文心路口
搶奪,0930104 1620,台中市西屯區至善路206號     
搶奪,0930104 2150,台中市北區一中街與育才北路  
搶奪,0930104 2330,台中市北屯區北屯路488號     
搶奪,0930105 1540,台中市北屯區瀋陽路3段129號  
搶奪,0930106 1510,台中市西區五權與英才路口
搶奪,0930107 0000,台中市南屯區大業路190號
搶奪,0930107 2015,台中市南屯區黎明路2段266號
搶奪,0930109 1320,台中市北區北平路與梅川西路口
搶奪,0930109 2005,台中市西區明義街1號
搶奪,0930110 1720,台中市西屯區惠中路市政北七路口
搶奪,0930110 2147,台中市北區五權路300巷
搶奪,0930113 2200,台中市西屯區西屯路上石路口
搶奪,0930114 1135,台中市中區民族路50號
搶奪,0930114 1520,台中市南屯區春安路123號
搶奪,0930114 1915,台中市西屯區漢成七街29號
搶奪,0930114 2155,台中市西屯區上安里上明一街68號
搶奪,0930115 0700,台中市北區忠明路、忠太西街口
搶奪,0930116 2030,台中市中區中華路1段217號
搶奪,0930117 1915,台中市北區綏遠、漢口
搶奪,0930117 2040,台中市西屯區西安街277巷55號
搶奪,0930118 1910,台中市西區美村與昇平街口
搶奪,0930119 1400,台中市南區復興路2段99巷80號
搶奪,0930120 1235,台中市西屯區西屯路2段280號
搶奪,0930120 1405,台中市南屯區文山九街與寶山三街口
搶奪,0930120 2130,台中市北區天津與文昌東二街
搶奪,0930122 0100,台中市西區五權三街18號
搶奪,0930125 2000,台中市北屯區一新一街28巷
搶奪,0930127 1620,台中市南區城隍里台中路230號
搶奪,0930127 2050,台中市西區英才路470巷
搶奪,0930127 2110,台中市北區育德街與五常街口
搶奪,0930130 1750,台中市南區美村南路191巷30號前樓
搶奪,0930130 2200,台中市西屯區安和路119號
搶奪,0930131 1535,台中市南屯區大聖街與大墩18街口
搶奪,0930131 1640,台中市北區青島東路100號
搶奪,0930131 1900,台中市西區中美街
搶奪,0930131 2110,台中市西屯區漢口路大有二街口
搶奪,0930201 0400,台中市西屯區長安路成都路口
搶奪,0930201 0400,台中市北屯區大雅路371號
搶奪,0930203 0724,台中市中區平等街55號
搶奪,0930203 1610,台中市北屯區興安路290號
搶奪,0930204 0905,台中市東區合作里自強街29巷19號前樓
搶奪,0930204 1400,台中市北屯區北興路41號
搶奪,0930205 1500,台中市西屯區台中港路惠中路口
搶奪,0930206 2120,台中市南屯區大聖街354號
搶奪,0930208 1950,台中市西屯區漢口路華美西街口
搶奪,0930209 1106,台中市南屯區大墩14街127號
搶奪,0930209 2050,台中市北區五權路299號
搶奪,0930210 1100,台中市北區漢口與華美街口
搶奪,0930210 1820,台中市北屯區中清路大德巷36弄12號
搶奪,0930210 2100,台中市西區中興與明義街口
搶奪,0930210 2130,台中市西區中美街與長春路口
搶奪,0930212 0215,台中市市政龍門路口檳榔攤
搶奪,0930212 0330,台中市西屯區光明路185號之16
搶奪,0930213 2120,台中市南區德義里國光路與仁義街口
搶奪,0930214 1245,台中市南區崇倫里忠明南路730巷24-1號前樓駕懸掛失牌N
搶奪,0930214 2230,台中市西屯區何南里東興路大墩20街口
搶奪,0930215 1615,台中市西屯區市政北七路惠中三街口
搶奪,0930217 0810,台中市北屯區崇德六路松竹公園前
搶奪,0930217 1340,台中市南屯區大進街大業國中人行道上
搶奪,0930220 1050,台中市北屯區柳陽東街天津路口
搶奪,0930220 1135,台中市中區繼光與綠川西路口
搶奪,0930220 1230,台中市南屯區向上路
搶奪,0930221 1720,台中市北區梅亭、益華
搶奪,0930221 1945,台中市東區雙十路1段8號前樓
搶奪,0930221 2000,台中市南屯區大墩16街29號
搶奪,0930221 2250,台中市北區北平、青島東
搶奪,0930222 0423,台中市北屯區崇德.旅順路
搶奪,0930222 1900,台中市南區國光里台中路與建成路口
搶奪,0930224 1225,台中市南屯區永春路18號
搶奪,0930224 1600,台中市西區金山與民生路口
搶奪,0930224 1830,台中市南屯區大英西二街與向上路口
搶奪,0930224 2140,台中市南屯區南屯路2段16號
搶奪,0930225 0410,台中市中區中華與中山路口
搶奪,0930225 1150,台中市南屯區文心南五路與豐偉路口
搶奪,0930225 1840,台中市北區梅亭與五常街口
搶奪,0930225 2230,台中市西區金山與民生路口
搶奪,0930226 1700,台中市東區富仁里自由路與雙十路口
搶奪,0930226 1935,台中市南區國光里仁和路117號
搶奪,0930226 1950,台中市南屯區大墩11街167號
搶奪,0930226 2210,台中市西區民生與五廊街口
搶奪,0930227 1115,台中市北屯區安順東七街64號之前
搶奪,0930227 2125,台中市南屯區
搶奪,0930228 2340,台中市北區太原路、邱厝北巷
搶奪,0930228 2345,台中市北屯區北屯路293巷文昌東十二街口
搶奪,0930229 2125,台中市北區育德、大德
搶奪,0930301 1030,台中市南區復興路與濟世街口
搶奪,0930301 1630,台中市北屯區崇德路與天津路口
搶奪,0930302 1550,台中市北區學士路232號
搶奪,0930302 2310,台中市西區建國路61號
搶奪,0930302 2340,台中市北區精武路
搶奪,0930303 1330,台中市南區五權南路與永和街口
搶奪,0930303 1730,台中市西屯區福林里西屯路3段159巷56弄54號
搶奪,0930303 1850,台中市南區樹義里文心南路與復興路口
搶奪,0930303 2206,台中市東區合作里力行路49-1號前樓
搶奪,0930304 2015,台中市北區忠明、西屯
搶奪,0930304 2030,台中市西屯區四川三街39號
搶奪,0930304 2117,台中市北區太平路48號
搶奪,0930304 2200,台中市東區新庄里大勇和平街口
搶奪,0930305 0410,台中市北區美德街136號
搶奪,0930306 0947,台中市東區干城里南京二街與南京四街口
搶奪,0930306 2015,台中市西區忠誠美村路
搶奪,0930306 2340,台中市北區大義街29巷37號
搶奪,0930307 1650,台中市南屯區精誠路1段518號
搶奪,0930307 2000,台中市西屯區中工二路天佑街口
搶奪,0930308 0020,台中市南屯區文心南五路與永春東一
搶奪,0930309 0115,台中市西屯區精明路32-1號
搶奪,0930311 1730,台中市南區德義里11鄰學府路32號前樓
搶奪,0930311 1820,台中市南屯區大業路與河南路口
搶奪,0930312 1505,台中市南屯區公益路2段300號
搶奪,0930315 1430,台中市西屯區中清路154巷63弄4號
搶奪,0930316 0500,台中市西區後龍與民權路口路
搶奪,0930316 0830,台中市西屯區西屯路惠來路口
搶奪,0930317 0330,台中市北屯區松強里與台中縣交界路
搶奪,0930318 0100,台中市南屯區惠中路與大墩四街口
搶奪,0930318 1820,台中市中區自由路2段4巷
搶奪,0930319 1600,台中市西屯區龍門路黎明路口
搶奪,0930319 2230,台中市中區中正繼光路
搶奪,0930320 1755,台中市南屯區向上路與永春東七路口
搶奪,0930321 0815,台中市南屯區黎明路與五權路口
搶奪,0930321 0910,台中市南屯區南屯路2段691號
搶奪,0930322 1740,台中市南區和平里忠明南路730巷71巷口
搶奪,0930322 1900,台中市中區公園與市府路口
搶奪,0930323 1212,台中市西屯區天水東街天水中街口
搶奪,0930323 1300,台中市南屯區精誠路與大墩六街口
搶奪,0930325 0100,台中市北屯區陳平路131號
搶奪,0930325 1200,台中市西區朝陽街
搶奪,0930325 1405,台中市北屯區興安路與遼陽五街口
搶奪,0930325 1630,台中市南屯區惠文路587號
搶奪,0930326 1940,台中市南屯區向上路與大觀路口
搶奪,0930327 1530,台中市西屯區福上巷251弄36號
搶奪,0930328 1400,台中市西區忠明南路與向上北路口
搶奪,0930328 1550,台中市南屯區大聖街與大墩12街口
搶奪,0930328 1950,台中市西屯區東興路大隆路口
搶奪,0930330 1315,台中市北區武昌南街、陝西東三街
搶奪,0930401 0000,台中市西屯區漢口路與西屯路口
搶奪,0930401 1210,台中市西屯區朝富路市政北二路口
搶奪,0930402 1217,台中市西區林森路
搶奪,0930403 2050,台中市中區中山三民路
搶奪,0930404 2010,台中市北區太平路22號
搶奪,0930406 2210,台中市西屯區漢口路寧夏路口
搶奪,0930407 1330,台中市中區三民民權路
搶奪,0930407 2110,台中市西屯區協和里工業16路
搶奪,0930408 2035,台中市南屯區大同街與大墩五街口
搶奪,0930409 2020,台中市南屯區公益路與大平路
搶奪,0930410 0250,台中市西屯區長安路2段37號
搶奪,0930412 0955,台中市北區忠明、西屯
搶奪,0930412 1140,台中市西區自治街21巷
搶奪,0930414 2045,台中市西屯區長安路2段323號
搶奪,0930416 1300,台中市西區林森柳川西路
搶奪,0930416 1600,台中市南屯區文心南三路與大墩南路
搶奪,0930417 0915,台中市北區太平路22號
搶奪,0930417 1025,台中市南屯區黎明路與永春東路口
搶奪,0930417 1910,台中市東區新庄里復興路與互助街口
搶奪,0930419 1155,台中市北屯區大連路2段131號
搶奪,0930419 1220,台中市西區民權路177巷22號
搶奪,0930422 1400,台中市西屯區大墩路935號
搶奪,0930422 2210,台中市南區復興路與忠明南路口
搶奪,0930423 0750,台中市南屯區三厝街與干城街口
搶奪,0930424 1430,台中市南屯區樂田巷10號
搶奪,0930425 0420,台中市南屯區精誠南與南屯路口
搶奪,0930426 0140,台中市南屯區文心南五路250號
搶奪,0930426 1023,台中市南區復興路1段207巷
搶奪,0930426 1115,台中市北屯區北京里太原路3段352巷19號前樓
搶奪,0930426 1410,台中市南屯區公益路與大光路口
搶奪,0930426 1530,台中市北屯區遼寧路1段162號之前
搶奪,0930426 1600,台中市南屯區公益路與大墩路口
搶奪,0930426 1730,台中市北屯區東光里北屯路266號
搶奪,0930426 2230,台中市西區明義街與長春口
搶奪,0930427 0140,台中市北區三民 路3段313號
搶奪,0930427 1850,台中市北屯區平德里河北路與北平路口
搶奪,0930427 2300,台中市西區英才路(文化中心)
搶奪,0930429 1030,台中市北區益華街18號
搶奪,0930429 1220,台中市南區西川里17鄰崇倫北街198號前樓
搶奪,0930429 1345,台中市北區健行、梅川東
搶奪,0930429 1630,台中市北區陝西路119號
搶奪,0930429 2100,台中市北區中一中門口
搶奪,0930429 2105,台中市西屯區湳子巷9弄2號
搶奪,0930429 2215,台中市北區一中街
搶奪,0930430 1455,台中市北屯區文心路3段1047號
搶奪,0930430 1830,台中市北屯區四民路358-號7樓
搶奪,0930501 0000,台中市北區錦中街與雙十路口
搶奪,0930501 1820,台中市南區復興路與民生路口
搶奪,0930501 2040,台中市南屯區文心南五路與東興路口
搶奪,0930502 2140,台中市南屯區文心南五路與文心南五
搶奪,0930503 0400,台中市北屯區新平里26鄰中清路105巷2弄1號
搶奪,0930503 2147,台中市西屯區福康路5號
搶奪,0930504 1240,台中市東區合作里自強街5巷15號前樓
搶奪,0930504 1355,台中市南屯區黎明路與干城街口
搶奪,0930504 1610,台中市北區雙十路2段40巷
搶奪,0930504 1740,台中市北區文武街13號
搶奪,0930506 0410,台中市西屯區河南路青海路口
搶奪,0930506 2010,台中市北區健行.梅川東路
搶奪,0930507 1040,台中市中區建國與成功路口
搶奪,0930507 2010,台中市東區東興里仁和路355號前樓
搶奪,0930507 2119,台中市南區積善里興大路夜市旁
搶奪,0930508 0655,台中市西屯區安和路虹陽橋頭前
搶奪,0930508 2000,台中市北屯區大鵬路18巷
搶奪,0930509 1700,台中市北屯區松竹路2段160巷
搶奪,0930510 0800,台中市東區富仁里自由路與雙十路口
搶奪,0930510 1950,台中市中區雙十與光復路口
搶奪,0930510 2040,台中市南屯區東興路與公益路口
搶奪,0930511 1910,台中市中區中山路117號
搶奪,0930512 1230,台中市北區漢口路4段13號
搶奪,0930512 1540,台中市北屯區北京里進化北路64號
搶奪,0930512 1750,台中市南屯區河南路與公益路口
搶奪,0930512 1816,台中市西屯區東興路大墩20街口
搶奪,0930512 2030,台中市南區工學一街190號前樓
搶奪,0930513 0700,台中市西屯區福星北路僑光技術學院停車場前
搶奪,0930513 1415,台中市西區西屯路1段120號
搶奪,0930513 2045,台中市西區五權西三街95號
搶奪,0930514 0800,台中市北區力行路258號雙十國中
搶奪,0930515 0150,台中市西屯區福星路烈美街口
搶奪,0930515 0700,台中市西區忠義街2號
搶奪,0930516 2123,台中市東區干城里自由路3段280號前樓
搶奪,0930517 1930,台中市北屯區旅順路遼陽六街口
搶奪,0930517 2045,台中市西區五權七街58號
搶奪,0930518 2040,台中市北區天津一街12號
搶奪,0930523 2000,台中市北區太平路75巷
搶奪,0930523 2145,台中市北區五常.梅亭街口
搶奪,0930524 0925,台中市西區公益與中興街口
搶奪,0930524 1000,台中市南屯區黎明路與向上路口
搶奪,0930524 1705,台中市南區德義里建成路靠近國光路口
搶奪,0930525 0940,台中市東區東信里樂業路與東英路口
搶奪,0930525 0955,台中市南屯區公益路2段231號
搶奪,0930525 1945,台中市西屯區寶慶街上石北二巷口
搶奪,0930525 2130,台中市西屯區河南路2段301巷
搶奪,0930526 0550,台中市南區南平路與南平一街口
搶奪,0930526 1033,台中市西屯區西屯路2段104號
搶奪,0930526 1815,台中市東區富台里練武路與復興路五段口
搶奪,0930526 2230,台中市南屯區文心南五路
搶奪,0930528 1930,台中市西區中港與華美街口
搶奪,0930528 2010,台中市西屯區台中港路福安路口
搶奪,0930529 1300,台中市西屯區市政北五路惠中一街口
搶奪,0930601 1530,台中市東區東勢里玉皇街與福明街口
搶奪,0930601 1945,台中市北區雙十路1段10號之5
搶奪,0930602 1000,台中市北區育樂.雙十路口
搶奪,0930604 0758,台中市南區長榮里復興路3段497巷1號前樓
搶奪,0930605 0943,台中市北區學士路230號
搶奪,0930605 2150,台中市北屯區遼寧路特力屋出入口
搶奪,0930606 0020,台中市南區崇倫里忠明南路崇倫國中附近
搶奪,0930606 1430,台中市東區進德路進德國小前
搶奪,0930607 0005,台中市西屯區惠中路1段2號
搶奪,0930607 0610,台中市西屯區至善路16號
搶奪,0930608 0815,台中市南屯區東興路與大墩五街口
搶奪,0930608 1130,台中市北區雙十路與南京路口
搶奪,0930608 1820,台中市東區合作里進德北路92號前樓
搶奪,0930608 1945,台中市北屯區敦化路318號之前
搶奪,0930608 2005,台中市西屯區大容東街大墩17街口
搶奪,0930609 1030,台中市南屯區黎明路1段1058號
搶奪,0930609 1300,台中市西區美村與忠義街口
搶奪,0930609 1920,台中市北屯區三光里5鄰北屯路184號震旦通訊行
搶奪,0930609 2030,台中市東區富台里福仁街與進德路口
搶奪,0930610 0530,台中市南屯區文心南二路138號
搶奪,0930610 1430,台中市西屯區太原路1段261號
搶奪,0930612 1745,台中市北屯區遼寧.大連路
搶奪,0930613 1100,台中市東區富榮街38號前樓
搶奪,0930613 1120,台中市西屯區台中港路朝富路口
搶奪,0930613 1130,台中市南區福順里美村路與福德路口
搶奪,0930615 1515,台中市北屯區北屯路文心路口
搶奪,0930615 2000,台中市北區大雅.漢口路
搶奪,0930615 2050,台中市北區育才北路與一中街口
搶奪,0930617 1630,台中市西屯區逢甲路200巷17號
搶奪,0930617 1930,台中市北屯區昌平路口
搶奪,0930619 2230,台中市南區興大路與學府路口
搶奪,0930620 0900,台中市北屯區天津路4段253號之前
搶奪,0930620 2130,台中市西區中美與明義街口
搶奪,0930621 2005,台中市西屯區逢甲路73號
搶奪,0930622 1210,台中市北區一中街ˋ育才路
搶奪,0930622 1920,台中市南屯區向上路與河南路口
搶奪,0930623 2230,台中市北區永興.梅亭街
搶奪,0930624 0940,台中市東區二聖街53號前樓
搶奪,0930624 1330,台中市北區大雅.太平路
搶奪,0930624 2010,台中市西屯區上安路上明三街口
搶奪,0930624 2155,台中市東區十甲東路與樂業路口
搶奪,0930626 1455,台中市北區大雅.梅亭街口
搶奪,0930626 1600,台中市西區中華民生路
搶奪,0930626 2210,台中市西屯區惠來里市政北七路惠中二街口
搶奪,0930626 2230,台中市南屯區大墩三街159號
搶奪,0930627 0730,台中市北屯區昌平興安路
搶奪,0930628 2040,台中市北區雙十.精武路
搶奪,0930628 2045,台中市南區城隍里忠孝路與正義街口
搶奪,0930629 0535,台中市北區文昌東二街152號
搶奪,0930629 1835,台中市西屯區大聖街478號
搶奪,0930629 2000,台中市中區中華公園路
搶奪,0930630 1400,台中市南屯區公益路與大進街口
搶奪,0930630 1730,台中市南屯區黎明路南屯國小內
搶奪,0930630 2235,台中市西屯區黎明路上安路口
搶奪,0930701 0800,台中市北區健行崇德路
搶奪,0930701 1050,台中市南屯區文心南五路與豐偉路口
搶奪,0930701 2045,台中市北屯區中清路2段19號
搶奪,0930701 2200,台中市西區向上路中美街口
搶奪,0930702 0750,台中市南屯區黎明路1段178號
搶奪,0930702 2205,台中市西屯區東興路大墩19街口
搶奪,0930704 0030,台中市西區民生路
搶奪,0930704 0240,台中市北屯區旅順路2段322號
搶奪,0930705 0940,台中市西屯區福上巷235弄28號
搶奪,0930706 1250,台中市北屯區軍福路軍���十八街口
搶奪,0930707 1753,台中市南屯區公益路與大英街
搶奪,0930707 1850,台中市北區進化北路279號
搶奪,0930707 2000,台中市北屯區平德路1巷13號
搶奪,0930708 2030,台中市北區崇德路1段133號
搶奪,0930708 2330,台中市西區中港路與忠明路口
搶奪,0930710 2040,台中市中區公園自由路
搶奪,0930710 2120,台中市西區精誠三街19號
搶奪,0930711 2310,台中市南屯區大墩路597號
搶奪,0930713 2030,台中市西屯區福星路545號
搶奪,0930713 2105,台中市北區太平路17號
搶奪,0930713 2120,台中市中區成功與建國路口
搶奪,0930713 2200,台中市北區太原.崇德路
搶奪,0930714 1000,台中市北區博館二街18號
搶奪,0930714 1445,台中市南屯區黎明路與三和街口
搶奪,0930714 1915,台中市西屯區河南路福星路口
搶奪,0930715 1800,台中市西屯區西屯路2段258巷
搶奪,0930715 1920,台中市北屯區興安路2段405巷21號
搶奪,0930716 0400,台中市北屯區梅川東路瀋陽二街
搶奪,0930716 1315,台中市北屯區大連.興安
搶奪,0930716 1540,台中市北區東光五街17號
搶奪,0930717 1600,台中市北區一中街
搶奪,0930717 2230,台中市西屯區青海路惠中路口
搶奪,0930717 2300,台中市東區南京四街與自由三街口
搶奪,0930718 1340,台中市北區興進.自強路口
搶奪,0930719 0820,台中市西屯區中清西二街92巷
搶奪,0930719 1300,台中市南屯區河南路4段惠文國小旁
搶奪,0930720 2000,台中市北區進化路623號
搶奪,0930721 1230,台中市北屯區熱河路
搶奪,0930722 1730,台中市北區武漢.陜西東三街
搶奪,0930722 1800,台中市南區工學六街100號
搶奪,0930722 1945,台中市東區大智路89-1號前樓
搶奪,0930722 2335,台中市西屯區青海路上石路口
搶奪,0930723 1000,台中市南屯區大墩10街與大正街口
搶奪,0930723 1430,台中市南區國光路1號
搶奪,0930723 1630,台中市中區建國與民權路口
搶奪,0930724 2000,台中市西區中港與忠明南路口
搶奪,0930724 2310,台中市北屯區瀋陽路3段375號
搶奪,0930725 1140,台中市北區大雅路319號
搶奪,0930726 1900,台中市北區三民福音街口
搶奪,0930726 1920,台中市北屯區柳楊東路遼寧路口
搶奪,0930726 1930,台中市北屯區大連路柳楊東街
搶奪,0930726 2010,台中市北區育才北路
搶奪,0930726 2010,台中市南區復興路2段
搶奪,0930727 1140,台中市東區十甲東路406巷1號西藥房內
搶奪,0930727 1500,台中市東區東勢里進化路250巷
搶奪,0930728 1415,台中市北區永興街47號
搶奪,0930728 1750,台中市西區忠明南路60號
搶奪,0930729 0850,台中市南屯區黎明路與公益路口
搶奪,0930729 1100,台中市北屯區崇德二路松順一街口
搶奪,0930729 1420,台中市東區大智路339號前樓三信銀行
搶奪,0930729 2025,台中市中區成功路180號
搶奪,0930730 1800,台中市北區太原北路太原八街口
搶奪,0930731 0120,台中市西屯區福星路379號
搶奪,0930731 1510,台中市東區大智路96號
搶奪,0930731 1715,台中市北區成功路原子街口
搶奪,0930731 1800,台中市北屯區崇德六路1段15號
搶奪,0930731 1900,台中市西區五權西三街111號
搶奪,0930731 2200,台中市南屯區大墩路533號
搶奪,0930801 0145,台中市北區中華路
搶奪,0930801 0450,台中市南屯區黎明東街396號
搶奪,0930801 0800,台中市南屯區大英街
搶奪,0930801 1552,台中市北區崇德.健行路口
搶奪,0930801 1700,台中市南屯區大墩路與大墩16街口
搶奪,0930801 1950,台中市北區大雅路27號
搶奪,0930802 0815,台中市西屯區福雅路138巷
搶奪,0930802 1111,台中市北區博館.西屯路
搶奪,0930802 1700,台中市北區青島山西路口
搶奪,0930802 2130,台中市北區漢口路4段312號
搶奪,0930803 0545,台中市西區三民西路70號
搶奪,0930803 1900,台中市北區大雅.梅亭街口
搶奪,0930804 1500,台中市北區天津.青島路
搶奪,0930804 1645,台中市西區華美西路1段43號
搶奪,0930804 1840,台中市中區民族路
搶奪,0930804 1840,台中市中區民族路平等街
搶奪,0930804 2230,台中市北區柳川西公園路口
搶奪,0930805 1400,台中市西屯區市政北一路77號
搶奪,0930805 1600,台中市北區梅亭.榮華路
搶奪,0930805 1930,台中市南屯區大墩六街48號
搶奪,0930806 0220,台中市南區忠明南路與三民西路口
搶奪,0930806 0815,台中市北屯區瀋陽路3段349號
搶奪,0930806 2300,台中市北屯區陳平路137號
搶奪,0930807 0640,台中市北區進化路636號
搶奪,0930807 1700,台中市北屯區梅川東路4段41號
搶奪,0930807 1720,台中市北區五權三民路口209巷
搶奪,0930807 1726,台中市西屯區台中港路3段56-3號
搶奪,0930808 1720,台中市西屯區甘肅路寧夏西七街口
搶奪,0930808 2150,台中市北區三民.精武路口
搶奪,0930809 0210,台中市西區忠明路98號
搶奪,0930809 1400,台中市北區太原忠明路口
搶奪,0930809 1730,台中市東區力行路進化路口
搶奪,0930809 2200,台中市北區進化路大義街口
搶奪,0930810 1750,台中市北屯區松竹路86巷口弄松明街
搶奪,0930810 2000,台中市北區中華路中華公園
搶奪,0930811 0800,台中市東區樂業里樂業路與泉源路口
搶奪,0930811 1005,台中市西屯區長安路2段287號
搶奪,0930811 1045,台中市南屯區大墩12街178號
搶奪,0930812 1200,台中市北區育德路
搶奪,0930812 1300,台中市南區民意街道路上
搶奪,0930812 1355,台中市南屯區大墩12街與大英街口
搶奪,0930812 1540,台中市南屯區寶山一街152號
搶奪,0930813 1244,台中市北區五權.育才北路
搶奪,0930814 1900,台中市西區五權西二街
搶奪,0930815 0000,台中市北區漢口路4段460號
搶奪,0930815 0745,台中市西屯區西屯路漢口路口
搶奪,0930815 1100,台中市西區博館中興路
搶奪,0930816 0200,台中市東區復興路南京東路口
搶奪,0930816 1250,台中市北屯區北屯路370號
搶奪,0930816 1300,台中市西區貴和路
搶奪,0930816 1900,台中市北屯區大連路2段91號
搶奪,0930817 2205,台中市西區忠明南路
搶奪,0930818 1130,台中市中區民權路86號
搶奪,0930818 1800,台中市北區大雅.武昌街口
搶奪,0930819 1905,台中市西屯區精明二街34號
搶奪,0930820 2240,台中市北屯區瀋陽北路10號
搶奪,0930821 1140,台中市西區存中路6號
搶奪,0930821 1500,台中市西區向上北路284巷8號
搶奪,0930821 1530,台中市西區五權西路
搶奪,0930821 1600,台中市南屯區精誠南路豐樂公園
搶奪,0930821 1850,台中市西屯區西屯路2段259號之3
搶奪,0930822 0010,台中市西屯區重慶路成都路口
搶奪,0930822 0025,台中市中區民族路247號
搶奪,0930822 0100,台中市南屯區河南路與向上路口
搶奪,0930822 0550,台中市西屯區大鵬里三和一巷1弄13號
搶奪,0930822 0830,台中市北屯區益華街
搶奪,0930822 1530,台中市西區大隆精誠路
搶奪,0930822 1530,台中市西區館前路26號
搶奪,0930823 0930,台中市北屯區中清路新平巷口弄
搶奪,0930823 1015,台中市中區中山路199號
搶奪,0930823 1115,台中市東區建國路230號前樓
搶奪,0930823 1200,台中市西區向上北路220號
搶奪,0930823 1430,台中市北屯區南京東路3段155號
搶奪,0930823 1450,台中市南屯區東興路與大墩十二街
搶奪,0930823 1510,台中市西屯區天水中街75號對面
搶奪,0930823 1550,台中市北區五順街50號
搶奪,0930823 1615,台中市西區英才昇平路
搶奪,0930823 1620,台中市北屯區遼寧路松明街口
搶奪,0930823 2000,台中市西屯區河南路上安路口
搶奪,0930823 2315,台中市北區天津路2段30巷
搶奪,0930824 0035,台中市中區中華路1段195號
搶奪,0930824 1400,台中市北區永興街298巷
搶奪,0930824 1530,台中市西區五權成功路
搶奪,0930824 1830,台中市北屯區中清路13巷50弄10號
搶奪,0930824 1910,台中市西區美村路73號
搶奪,0930824 2000,台中市北區雙十.育才路口
搶奪,0930824 2242,台中市南區南門里南門路75號三信銀行提款機
搶奪,0930824 2310,台中市西屯區文華路217巷
搶奪,0930825 1510,台中市東區進化路221巷1-6號前樓
搶奪,0930825 1900,台中市北區永興街77號
搶奪,0930825 2110,台中市西區民族路333號
搶奪,0930826 0440,台中市中區公園大誠路
搶奪,0930826 1130,台中市西區自由與民族路口
搶奪,0930826 1320,台中市北區梅亭.華信
搶奪,0930826 1410,台中市北屯區長生巷4-23號
搶奪,0930826 1430,台中市北屯區昌平一路200號
搶奪,0930826 1520,台中市西區五權西屯路
搶奪,0930826 1730,台中市西區大仁.西屯路
搶奪,0930826 1745,台中市北區漢口山西路
搶奪,0930826 1950,台中市西屯區大有街大有二街口
搶奪,0930826 2100,台中市東區進德二街與進德路口
搶奪,0930826 2250,台中市北區一中.育才街
搶奪,0930827 0920,台中市東區自強街31巷28號
搶奪,0930827 0940,台中市北區漢口.永興路
搶奪,0930827 1100,台中市中區民權路與自由路口
搶奪,0930827 1110,台中市中區民族與柳川東路口
搶奪,0930827 1120,台中市北區大雅路62號
搶奪,0930827 1420,台中市西區中美路321號
搶奪,0930827 2025,台中市北屯區旅順路1段256號
搶奪,0930827 2100,台中市西屯區福星路669號
搶奪,0930827 2100,台中市西屯區河南路市政北六路口
搶奪,0930828 0010,台中市西區中興明義路
搶奪,0930828 0100,台中市西區柳川東路2段131號
搶奪,0930828 0410,台中市北區大雅英才路口
搶奪,0930828 0415,台中市北區大雅路452號
搶奪,0930828 0600,台中市西屯區朝馬三街32號
搶奪,0930828 1030,台中市西區公正中美路
搶奪,0930828 1210,台中市西區後龍路57號
搶奪,0930828 1305,台中市中區成功路228巷4號
搶奪,0930828 1310,台中市西區中港路1段199巷
搶奪,0930828 1330,台中市西屯區大洲街27號
搶奪,0930828 1650,台中市西區中港路283巷5號
搶奪,0930828 1720,台中市西區公益路124巷31號
搶奪,0930828 1800,台中市西屯區太原路華美西街口
搶奪,0930828 1930,台中市西區民權路225巷
搶奪,0930828 1930,台中市西區公益精誠路
搶奪,0930828 2110,台中市北區英才.五常街口
搶奪,0930828 2230,台中市西區公益路中美街口
搶奪,0930828 2305,台中市北屯區雷中街38巷
搶奪,0930828 2315,台中市西區五權西路
搶奪,0930828 2315,台中市西區五權西路美術館前
搶奪,0930829 0430,台中市北屯區漢口路5段128號
搶奪,0930829 0430,台中市西屯區青海路2段204號
搶奪,0930829 0836,台中市東區大勇街與信義街口
搶奪,0930829 1830,台中市南屯區大墩12街與大昌街口
搶奪,0930829 2216,台中市西區中港中美路
搶奪,0930829 2230,台中市中區成功路
搶奪,0930829 2245,台中市北區育才街35號
搶奪,0930830 0945,台中市中區中華公園路
搶奪,0930830 1000,台中市南區文林街18巷7號前樓
搶奪,0930830 1016,台中市西區英才自治路
搶奪,0930830 1140,台中市東區干城里新民街69號對面
搶奪,0930830 1150,台中市北區學士.美德街口
搶奪,0930830 1150,台中市西屯區逢甲路73號
搶奪,0930830 1210,台中市西屯區西屯路2段269號之2
搶奪,0930830 1300,台中市北區英士路50號
搶奪,0930830 1319,台中市北區五權路332號
搶奪,0930830 2035,台中市北區天津二段北平路口
搶奪,0930831 0130,台中市南屯區中蔗路與工業37路口
搶奪,0930831 0700,台中市南區文心南路641號西歐加油站
搶奪,0930831 0830,台中市南屯區黎明路與文昌街口
搶奪,0930831 1230,台中市北區學士路210號
搶奪,0930831 1600,台中市南屯區南屯路2段329號
搶奪,0930831 1750,台中市中區柳川  西路5巷
搶奪,0930831 2015,台中市西區像上北美村路
搶奪,0930901 0110,台中市西屯區文心路西屯路口
搶奪,0930901 1150,台中市北區太平.一中街口
搶奪,0930901 1200,台中市北屯區東山路1段146號
搶奪,0930901 1220,台中市北屯區文心路河北路
搶奪,0930901 1300,台中市北屯區軍和街129號
搶奪,0930901 1340,台中市北屯區文昌東十街天津路口
搶奪,0930901 1445,台中市北區雙十.育才街口
搶奪,0930901 1830,台中市東區東南里十甲路29號前樓
搶奪,0930901 1955,台中市北屯區天津路3段179號
搶奪,0930901 2000,台中市北區梅亭五常街口
搶奪,0930901 2010,台中市東區新庄里大公街29號前樓
搶奪,0930901 2010,台中市北屯區北屯路親親戲院旁
搶奪,0930901 2100,台中市西區中美路461號
搶奪,0930901 2100,台中市北區五權中友停車場
搶奪,0930901 2130,台中市東區大智路德安百貨公司前
搶奪,0930901 2200,台中市北區雙十.體育學院前
搶奪,0930902 0340,台中市西區存中美村路
搶奪,0930902 0725,台中市西區中港華美西路
搶奪,0930902 0822,台中市北區博館東街23號
搶奪,0930902 0855,台中市西區華美西路139號
搶奪,0930902 0855,台中市北區北平路32號之1
搶奪,0930902 1100,台中市西區中興二路23號
搶奪,0930902 1807,台中市北屯區遼寧路59巷37號
搶奪,0930903 0320,台中市中區成功路203號
搶奪,0930903 0430,台中市中區成功路190號
搶奪,0930903 0810,台中市南屯區大墩三街與大墩東街口
搶奪,0930903 1200,台中市北區尊賢街6號
搶奪,0930903 1430,台中市西區公益與中興街口
搶奪,0930903 1500,台中市北區自由、公園
搶奪,0930903 1520,台中市南區信義南街與民意街口
搶奪,0930903 1630,台中市北區五常、健行
搶奪,0930903 1845,台中市西屯區青海路漢口路口
搶奪,0930903 1900,台中市西區健行博館路
搶奪,0930903 1955,台中市北區精武路326號
搶奪,0930903 1955,台中市中區公園中華路
搶奪,0930904 0110,台中市北屯區漢口路柳陽西街
搶奪,0930904 0110,台中市西區華美長春路
搶奪,0930904 0140,台中市北屯區昌平路2段4巷松文街口
搶奪,0930904 0710,台中市西屯區文心路台中港路口
搶奪,0930904 1620,台中市西屯區惠來路市政北二路口
搶奪,0930904 1805,台中市中區中正興中路
搶奪,0930904 1925,台中市南屯區五權西路2段220號
搶奪,0930904 2140,台中市北區太原四、太原八
搶奪,0930904 2303,台中市西屯區慶和街43號
搶奪,0930905 1530,台中市北屯區旅順路2段72號
搶奪,0930905 1905,台中市北屯區昌平路1段97號之7
搶奪,0930906 1415,台中市北屯區大連北路106巷口弄
搶奪,0930906 1740,台中市北屯區軍和街105號
搶奪,0930906 1950,台中市北區益華街6號
搶奪,0930907 0300,台中市中區成功路原子街口
搶奪,0930907 0430,台中市西屯區文心路市政北一路口
搶奪,0930907 1200,台中市北屯區梅川東路5段126號
搶奪,0930907 1200,台中市北屯區旱溪東路42-1號
搶奪,0930907 1250,台中市南屯區大英街與向上路口
搶奪,0930907 2140,台中市北屯區文心路4段153號
搶奪,0930908 0115,台中市北區梅亭.大德街口
搶奪,0930908 0720,台中市西區明義路76巷
搶奪,0930908 0930,台中市東區南京路與雙十路口
搶奪,0930908 1010,台中市西區模範路23巷10號
搶奪,0930908 1315,台中市北區美德.永興路口
搶奪,0930908 1420,台中市學士.美德街口
搶奪,0930908 1430,台中市北區育德.五常路口
搶奪,0930908 1510,台中市西區光復雙十路
搶奪,0930909 0900,台中市南區福新街9號前樓
搶奪,0930909 1045,台中市北屯區漢口文昌東六路
搶奪,0930909 1250,台中市北屯區松竹路四平路
搶奪,0930909 1340,台中市北區永興街299號
搶奪,0930909 1600,台中市中區自由路2段
搶奪,0930909 1610,台中市南區忠孝路196-1號
搶奪,0930910 1105,台中市東區復興路五段與自由一街
搶奪,0930910 1510,台中市北區文心路4段232號
搶奪,0930910 1525,台中市北區一中街9號
搶奪,0930910 1710,台中市西區樂群四維路
搶奪,0930911 0230,台中市西區美村路1段560號
搶奪,0930911 0830,台中市南屯區大進街79號
搶奪,0930911 0940,台中市中區成功三民路
搶奪,0930911 1020,台中市北區青島西街47號
搶奪,0930911 1100,台中市北區進化路571號
搶奪,0930911 1205,台中市西區館前路
搶奪,0930911 1600,台中市北區進化北.五常街口
搶奪,0930911 1755,台中市北區博館一街52號
搶奪,0930911 2000,台中市北屯區大連西路19號
搶奪,0930911 2130,台中市西屯區台中港路惠中路口
搶奪,0930912 1900,台中市北區德化街123號
搶奪,0930912 1950,台中市北屯區文昌東六街漢口路
搶奪,0930912 2124,台中市西屯區青海路重慶路口
搶奪,0930912 2130,台中市西屯區青海路重慶路口
搶奪,0930913 0510,台中市南屯區大業路320號
搶奪,0930913 1030,台中市南區忠明南路與復興路口
搶奪,0930913 1055,台中市北區永興街12號
搶奪,0930913 1130,台中市西屯區朝富路台汽客運車站前
搶奪,0930913 1300,台中市北區進化北路
搶奪,0930913 1740,台中市北區華興街
搶奪,0930914 1040,台中市北區學士.健行路口
搶奪,0930914 1130,台中市西區大全路
搶奪,0930914 1200,台中市北區大雅路315巷
搶奪,0930914 1750,台中市西屯區漢口路寧漢三街口
搶奪,0930915 1200,台中市中區柳川路中正路口
搶奪,0930915 1210,台中市北區天津路1段155號
搶奪,0930915 2130,台中市北屯區修齊巷61弄16號
搶奪,0930915 2200,台中市北屯區柳楊東街68巷口弄
搶奪,0930915 2323,台中市西屯區青海路源通巷口
搶奪,0930916 1140,台中市南屯區黎明路與南光路口
搶奪,0930916 1402,台中市西屯區河南路青海路口
搶奪,0930916 1440,台中市西屯區太原路1段203號
搶奪,0930916 1450,台中市南區南平路與美村路口
搶奪,0930916 1540,台中市西區中興路
搶奪,0930916 1620,台中市南區新華街22巷
搶奪,0930916 2100,台中市南屯區黎明路2段291號
搶奪,0930916 2100,台中市北區一中街21號
搶奪,0930916 2115,台中市西區精誠六路
搶奪,0930917 0420,台中市北屯區松竹路四平路口
搶奪,0930917 1030,台中市西區林森路27巷1號
搶奪,0930917 1330,台中市北區尊賢、育才
搶奪,0930917 1345,台中市西區中港路1段
搶奪,0930917 1345,台中市中區中港路199巷
搶奪,0930917 1820,台中市北屯區大連路2段251號
搶奪,0930918 0535,台中市東區長福東英七街口
搶奪,0930918 0540,台中市北屯區崇德五路60號1樓
搶奪,0930918 0618,台中市西屯區大鵬路132巷2弄
搶奪,0930918 1035,台中市西屯區惠來路市政北七路口
搶奪,0930918 1130,台中市東區雙十路南京路口
搶奪,0930918 1530,台中市中區自由成功路
搶奪,0930918 1810,台中市東區復興路5段172號
搶奪,0930918 1840,台中市北區大雅.文武路口
搶奪,0930919 0010,台中市南區忠孝路135-3號前
搶奪,0930919 0055,台中市北區太平路83巷
搶奪,0930919 0300,台中市北區健行路482號
搶奪,0930919 1200,台中市北屯區梅川東路漢口路
搶奪,0930919 1700,台中市南屯區大墩六街與大英西街口
搶奪,0930919 1840,台中市北區學士路300號
搶奪,0930920 0330,台中市西屯區福星路666號
搶奪,0930920 1040,台中市中區中正路175號
搶奪,0930920 1430,台中市西區華美西路3號
搶奪,0930920 1450,台中市北區太平路57號
搶奪,0930920 2110,台中市北屯區平德路1巷7號
搶奪,0930920 2150,台中市北屯區中清路74巷9號
搶奪,0930920 2200,台中市西屯區中康街152號
搶奪,0930921 0045,台中市北區三民路3段50-號之21
搶奪,0930921 1040,台中市南屯區黎明路與南興巷口
搶奪,0930921 1300,台中市西區華美西路135號
搶奪,0930921 1420,台中市北屯區國校路北興路
搶奪,0930921 1420,台中市西屯區重慶路358號
搶奪,0930921 1450,台中市西區博館三路
搶奪,0930922 0340,台中市東區富仁里28鄰練武路133巷4號前樓
搶奪,0930922 0515,台中市北屯區昌平路崇德二路口
搶奪,0930922 1200,台中市東區自由路3段159號
搶奪,0930922 1320,台中市西區大明街與民生路口
搶奪,0930922 1445,台中市東區東興里台中路257號前樓
搶奪,0930922 1522,台中市東區新庄里立德街31號前樓
搶奪,0930922 1700,台中市北屯區崇德路松竹路口
搶奪,0930923 0110,台中市北區健行.尚德
搶奪,0930923 0350,台中市西屯區湳仔巷9-7號
搶奪,0930923 0400,台中市西區博館路105號
搶奪,0930923 0530,台中市北區太原路與綏遠路口
搶奪,0930923 1100,台中市南屯區公益路與大英街口
搶奪,0930923 1205,台中市北屯區松竹路2段86弄口號
搶奪,0930923 1715,台中市西屯區福林里西屯路福康路口
搶奪,0930923 1820,台中市東區大勇街85號前樓
搶奪,0930923 2310,台中市南區忠孝路與合作街口
搶奪,0930924 0620,台中市北屯區熱河路2段126號
搶奪,0930924 0820,台中市西區中興與明義街口
搶奪,0930924 1040,台中市南屯區南光路45巷30號
搶奪,0930924 1045,台中市南屯區大墩路與五權西路口
搶奪,0930924 1115,台中市西區美村與向上北路口
搶奪,0930924 1500,台中市南區美村路二段與福德街口
搶奪,0930924 1540,台中市北屯區大連路3段52號
搶奪,0930924 1550,台中市西區民權與建國路口
搶奪,0930924 1640,台中市北屯區文心路梅川東路口
搶奪,0930924 2020,台中市南區城隍里忠孝路與正氣街口
搶奪,0930924 2110,台中市西屯區台中港路黎明路口
搶奪,0930924 2230,台中市北區健行.永興街口
搶奪,0930925 0925,台中市西屯區漢成六街46號
搶奪,0930925 1130,台中市西屯區重慶路大仁國小旁
搶奪,0930925 1145,台中市北區一中街143號
搶奪,0930925 1145,台中市西區四維路
搶奪,0930925 1730,台中市北區育才北路58號
搶奪,0930925 2010,台中市北區中山路434號
搶奪,0930926 0410,台中市西屯區文心路華美西街口
搶奪,0930926 0630,台中市北屯區興安路1段128巷7號
搶奪,0930926 0720,台中市西區向上路1段
搶奪,0930926 1101,台中市北屯區橋孝街32巷8號
搶奪,0930926 1130,台中市東區自由路3段203號前樓
搶奪,0930926 1145,台中市北區健行.德化街口766巷
搶奪,0930926 1500,台中市南區復興路3段499號前樓
搶奪,0930926 2130,台中市西屯區文心路大隆路口
搶奪,0930927 0709,台中市西屯區四川五街27號
搶奪,0930927 0930,台中市北屯區柳陽東街45號
搶奪,0930927 1030,台中市西區模範路38-1號
搶奪,0930927 1330,台中市東區進化路89號
搶奪,0930927 1455,台中市北區學士.英才路口
搶奪,0930927 1600,台中市北區雙十.自由路口
搶奪,0930927 1640,台中市北屯區遼陽五街遼陽北一街口
搶奪,0930927 1700,台中市西區忠明與博館路口
搶奪,0930927 2000,台中市北屯區育才北街
搶奪,0930928 0400,台中市西屯區惠來路2段240號之3
搶奪,0930928 1230,台中市北區大雅.梅亭街口
搶奪,0930928 1540,台中市東區大勇街與和平街口
搶奪,0930928 1945,台中市中區三民與福音街口
搶奪,0930928 2105,台中市西屯區台中港路中工三路口
搶奪,0930928 2130,台中市西區忠誠與美村路口
搶奪,0930928 2200,台中市中區民族與綠川西路口
搶奪,0930929 1000,台中市中區中正與建國路口
搶奪,0930929 1220,台中市西區大業北路
搶奪,0930929 1340,台中市西區公正中美路
搶奪,0930929 1508,台中市西區大進路
搶奪,0930929 1520,台中市北屯區文心路3段1043號
搶奪,0930929 1540,台中市南屯區向心路與大墩路口
搶奪,0930929 1630,台中市西區民權路
搶奪,0930929 2205,台中市南屯區大墩四街332號
搶奪,0930930 0435,台中市西區南屯路1段
搶奪,0930930 0600,台中市北屯區梅川東路5段128號
搶奪,0930930 0840,台中市北屯區熱河路2段201號
搶奪,0930930 1020,台中市西屯區大鵬路50號
搶奪,0930930 1230,台中市北屯區崇德路2段55號B1樓
搶奪,0930930 1330,台中市南屯區大隆路與大進街口
搶奪,0930930 1400,台中市北區育才北路75號
搶奪,0930930 1440,台中市北區五權路356號
搶奪,0930930 1650,台中市北區太原.榮華街口
搶奪,0930930 2050,台中市西屯區河南路甘肅路口
搶奪,0930930 2105,台中市南屯區黎明東街481號
搶奪,0930930 2135,台中市西屯區河南路福上巷口
搶奪,0931001 0840,台中市中區三民路2段148號
搶奪,0931001 1100,台中市北屯區旅順路2段420號
搶奪,0931001 1510,台中市西屯區文心路永輝路口
搶奪,0931001 1545,台中市北區中華路2段179號之2
搶奪,0931001 1600,台中市西區忠明與華美街口
搶奪,0931001 1605,台中市東區台中路203號前樓
搶奪,0931001 1645,台中市北區五權路500巷1號
搶奪,0931001 1930,台中市西區南屯路1段142號
搶奪,0931002 0500,台中市北屯區昌平路崇德路口
搶奪,0931002 0915,台中市北區育德.民權路口
搶奪,0931002 0920,台中市南屯區萬和路1段67號
搶奪,0931002 0930,台中市北屯區北屯路163號
搶奪,0931002 1700,台中市北區雙十.育樂街口
搶奪,0931002 1900,台中市西屯區河南路西屯路口
搶奪,0931002 2025,台中市南屯區向上路與河南路
搶奪,0931002 2140,台中市西屯區大墩18街大容東街口
搶奪,0931002 2145,台中市西屯區大墩17街大容東街口
搶奪,0931002 2300,台中市西屯區大墩19街大進街口
搶奪,0931003 0545,台中市北屯區文昌東六街漢口路
搶奪,0931003 0630,台中市北區五權.大雅路口
搶奪,0931003 0920,台中市西區博館三路
搶奪,0931003 1700,台中市西區華美路
搶奪,0931004 0815,台中市北屯區瀋陽路3段127號
搶奪,0931004 0855,台中市北屯區瀋陽五街瀋陽路
搶奪,0931004 1020,台中市西區中港路
搶奪,0931004 1100,台中市北區英才路220號
搶奪,0931004 1150,台中市西區精誠路
搶奪,0931004 1200,台中市北屯區山西路372號之1
搶奪,0931004 1305,台中市北屯區中清路110號之67
搶奪,0931004 1315,台中市西屯區台中港路2段84號
搶奪,0931004 1550,台中市北區大湖街37號
搶奪,0931004 1655,台中市南區復興路1段207巷17號前樓
搶奪,0931004 1810,台中市西區五權西路
搶奪,0931004 1815,台中市西區日興路
搶奪,0931004 2000,台中市西區自由路
搶奪,0931004 2340,台中市中區雙十路
搶奪,0931005 0825,台中市北區漢口路3段172號
搶奪,0931005 1140,台中市西區忠誠路
搶奪,0931005 1220,台中市北區忠明路446號
搶奪,0931005 1420,台中市西區中美路
搶奪,0931005 1430,台中市北區太平路84號
搶奪,0931005 1600,台中市中區民權路
搶奪,0931005 1920,台中市西區美村路
搶奪,0931005 2020,台中市北區健行.尚德街口
搶奪,0931006 1020,台中市東區干城里南京路141號前樓
搶奪,0931006 1150,台中市北區美德.華中街口
搶奪,0931006 1500,台中市南屯區大墩六街255號
搶奪,0931006 1830,台中市西屯區中平路241號
搶奪,0931006 1900,台中市北屯區雷中街路2巷25號
搶奪,0931006 1900,台中市西區東興與大墩10街口
搶奪,0931006 1900,台中市西屯區文心路台中港路口
搶奪,0931007 0815,台中市北屯區大連路1段201號
搶奪,0931007 0835,台中市北區五常.柳川東路口
搶奪,0931007 0930,台中市中區民權與仁愛街口
搶奪,0931007 0950,台中市西屯區太原路寧夏路口
搶奪,0931007 1330,台中市西區博館三街28號
搶奪,0931007 1430,台中市西區民權與中港路口
搶奪,0931007 1435,台中市南屯區大墩七街與黎明東街口
搶奪,0931007 1515,台中市西區大墩路356號
搶奪,0931007 1615,台中市北屯區松義街119號
搶奪,0931008 0910,台中市南區南門路35號前樓
搶奪,0931008 1030,台中市北區大雅路231號
搶奪,0931008 1110,台中市東區南京四街與南京五街口
搶奪,0931008 1110,台中市東區大智路與建新街口
搶奪,0931008 1221,台中市南屯區文心南路279號
搶奪,0931008 1518,台中市西屯區文華路17-1號
搶奪,0931008 1540,台中市東區南京路與建國路口
搶奪,0931008 1730,台中市西屯區何福里漢口路河南路口
搶奪,0931009 0830,台中市東區復興路與公園東路口
搶奪,0931009 0920,台中市北區興進路76巷
搶奪,0931009 1250,台中市西區自立路25巷
搶奪,0931009 1330,台中市西屯區甘肅路2段74號
搶奪,0931009 1515,台中市西屯區台中港路漢口路口
搶奪,0931009 2130,台中市北屯區崇德六路23號
搶奪,0931009 2130,台中市北區進化路
搶奪,0931010 0915,台中市北區五權路390號
搶奪,0931010 1640,台中市北區育才北路27號
搶奪,0931010 1700,台中市北屯區太原路111巷口弄
搶奪,0931010 1800,台中市北屯區中清路60號
搶奪,0931010 1945,台中市南區忠孝路與濟世街口
搶奪,0931010 1950,台中市西屯區福星路西安街口
搶奪,0931010 2200,台中市北屯區崇德路瀋陽路口
搶奪,0931011 1010,台中市西區五權與三民西路口
搶奪,0931011 1510,台中市北區健行路462號
搶奪,0931011 1520,台中市北區漢口.文昌東三街
搶奪,0931011 1550,台中市西區林森與三民路口
搶奪,0931011 1900,台中市西屯區福雅路179巷36號
搶奪,0931011 2025,台中市南區城隍里民意街22號前樓
搶奪,0931011 2230,台中市西屯區逢甲路202號
搶奪,0931011 2300,台中市南區和平里美和街與新和街口
搶奪,0931011 2330,台中市北屯區進化北路3號
搶奪,0931012 0355,台中市南屯區大墩路與大業路
搶奪,0931012 1115,台中市北屯區柳楊東街119號
搶奪,0931012 1130,台中市中區成功路166號
搶奪,0931012 1555,台中市北屯區漢口路125號
搶奪,0931012 1620,台中市北屯區景賢八路230號
搶奪,0931013 0050,台中市西屯區西屯路逢甲路口
搶奪,0931013 1035,台中市北屯區陳平一街2號
搶奪,0931013 2100,台中市西區大業路12號
搶奪,0931013 2130,台中市北區五義.柳川東路口
搶奪,0931013 2244,台中市西屯區西屯路2段297-8巷43號
搶奪,0931014 1200,台中市西區向上英才路
搶奪,0931014 1256,台中市西區自治與大全街口
搶奪,0931014 1510,台中市西區綠川東街與建國路口
搶奪,0931014 1515,台中市南屯區忠勇路與文山街口
搶奪,0931014 1910,台中市西區美村與五權五街口
搶奪,0931014 1935,台中市北屯區崇德路青島路口
搶奪,0931014 1950,台中市北區雙十.錦新街口
搶奪,0931014 2000,台中市西屯區青海路2段207號
搶奪,0931014 2045,台中市西屯區甘肅路寧夏西一街口
搶奪,0931015 1115,台中市南區台中路與復興路口
搶奪,0931015 1150,台中市北區衛道.北屯路
搶奪,0931015 1410,台中市東區東英里旱溪街十甲二號橋上
搶奪,0931015 1720,台中市北區雙十.太平路
搶奪,0931015 2110,台中市西屯區台中港路玉門路口
搶奪,0931016 0430,台中市北區北屯路12巷12弄10號
搶奪,0931016 1010,台中市北區大雅路36號
搶奪,0931016 1040,台中市南區南門里國光路459號前樓
搶奪,0931016 1455,台中市西屯區福星路西安街口
搶奪,0931016 1500,台中市南區西川里南屯路1段311號
搶奪,0931017 0300,台中市東區東英里十甲東路與東英八街口
搶奪,0931017 0925,台中市東區東光園路100巷58號前樓
搶奪,0931017 1130,台中市北區五權.太平路
搶奪,0931017 1520,台中市西屯區青海路至善路口
搶奪,0931017 1610,台中市中區中正自由路
搶奪,0931017 1615,台中市北區雙十路2段40巷
搶奪,0931017 1815,台中市西屯區寶慶街18巷36號
搶奪,0931017 1950,台中市南區工學路與工學北路口
搶奪,0931018 0100,台中市西屯區河南路2段323號
搶奪,0931018 0225,台中市西屯區黎明路上安路口
搶奪,0931018 1410,台中市北區五權.學士路口
搶奪,0931019 0430,台中市西屯區漢口路大信街口
搶奪,0931019 1500,台中市北屯區崇德路1段586號
搶奪,0931019 1930,台中市北區雙十.自由路
搶奪,0931019 2045,台中市北區學士.五義街口
搶奪,0931019 2100,台中市南區忠孝路與正氣街口
搶奪,0931020 1930,台中市北區健行.尚德街口
搶奪,0931020 1940,台中市北區五權路228號3樓
搶奪,0931020 2012,台中市西區向上北路
搶奪,0931021 0910,台中市西區五權公館路
搶奪,0931021 1950,台中市北區忠太西.德化街
搶奪,0931022 0930,台中市東區東英二街與東英路口
搶奪,0931022 1515,台中市西屯區青海路1段32-1號
搶奪,0931022 1520,台中市北屯區崇德路2段1巷398號1樓
搶奪,0931022 1600,台中市中區中正路
搶奪,0931023 1330,台中市南屯區東興路2段275號
搶奪,0931024 1110,台中市西屯區福星路文華路口
搶奪,0931024 2040,台中市東區忠孝路與大智路口
搶奪,0931024 2200,台中市西區華美路
搶奪,0931025 1530,台中市西區博館三路78號
搶奪,0931026 1140,台中市中區自由路
搶奪,0931026 1415,台中市東區建興街與大智路口
搶奪,0931026 1420,台中市西屯區文心.甘肅
搶奪,0931026 1500,台中市西屯區西屯路2段269號之41
搶奪,0931027 0355,台中市北區漢口路78-號之1
搶奪,0931028 0130,台中市西屯區青海路河南路口
搶奪,0931028 1040,台中市西屯區四川路何厝東二街口
搶奪,0931028 1230,台中市東區東勢里進化路213弄前號力行國小前
搶奪,0931028 1320,台中市北區太原.永興
搶奪,0931028 1350,台中市西屯區華美西街寧漢街口
搶奪,0931028 1850,台中市南屯區東興路與大業路
搶奪,0931028 1900,台中市西區五權路
搶奪,0931028 2050,台中市北區太原路2段281號
搶奪,0931029 0005,台中市西區銘義路55號
搶奪,0931029 0030,台中市西屯區漢口路2段11號
搶奪,0931029 1120,台中市西區向上路
搶奪,0931029 1700,台中市北屯區僑孝街20號
搶奪,0931030 1610,台中市西區五權西路
搶奪,0931030 1645,台中市北區學士.中友停車場
搶奪,0931030 1950,台中市西屯區福安五街27號
搶奪,0931030 2100,台中市西屯區福順路410號
搶奪,0931030 2100,台中市西屯區福順路410號
搶奪,0931030 2200,台中市南區工學北路240號前樓
搶奪,0931031 0520,台中市北屯區北屯路226巷內弄
搶奪,0931031 1015,台中市北區忠明.大雅
搶奪,0931031 1150,台中市西屯區市政路惠中路口
搶奪,0931031 1630,台中市南區五權南路604-7號
搶奪,0931031 1940,台中市南區復興路3段465號
搶奪,0931031 2245,台中市北屯區崇德路2段55號
搶奪,0931101 1420,台中市北屯區松竹路2段300巷8弄24號
搶奪,0931101 1554,台中市中區
搶奪,0931101 1850,台中市西區存中路
搶奪,0931102 0800,台中市南區仁義街261號前樓
搶奪,0931102 0900,台中市北屯區旅順路
搶奪,0931102 1130,台中市西屯區四川路重慶路口
搶奪,0931103 1535,台中市南屯區南屯路2段408號
搶奪,0931103 2315,台中市西屯區大墩20街128號
搶奪,0931103 2330,台中市西屯區精明一街16巷
搶奪,0931104 0110,台中市北區青島路1段26巷
搶奪,0931104 0214,台中市北屯區雷中街61巷10弄2號
搶奪,0931104 1355,台中市西屯區甘州一街1號
搶奪,0931104 1450,台中市西區市府路
搶奪,0931104 1905,台中市南區台中路與忠孝路口
搶奪,0931104 1930,台中市東區南京二街與南京四街口
搶奪,0931105 0215,台中市西區美村路
搶奪,0931105 1540,台中市西區美村路1段
搶奪,0931106 0600,台中市南屯區向學路與惠文路口
搶奪,0931106 0900,台中市西屯區漢口路寧夏路口
搶奪,0931106 1910,台中市東區和平街216號前樓
搶奪,0931106 2040,台中市南屯區大昌街441號
搶奪,0931106 2315,台中市北區北平路2段188號
搶奪,0931107 1200,台中市南屯區黎明路2段50號
搶奪,0931107 2000,台中市北區精武路268號之1
搶奪,0931107 2130,台中市西屯區惠中二街路旁停車格
搶奪,0931108 1100,台中市西區英才路
搶奪,0931108 1120,台中市南區國光路與忠明南路口
搶奪,0931108 1345,台中市北屯區同榮路356號
搶奪,0931108 1710,台中市西區大忠路
搶奪,0931109 0940,台中市東區建德街247號旁樓
搶奪,0931109 1440,台中市北區五順.學士
搶奪,0931109 2030,台中市南區五權南路復興加油站旁
搶奪,0931109 2230,台中市西區忠誠街
搶奪,0931110 0930,台中市南區永興里忠明南路與南和路口
搶奪,0931110 1620,台中市東區樂業路復興東路口
搶奪,0931111 1030,台中市西屯區河南路甘肅路口
搶奪,0931111 1130,台中市南屯區永春東路與豐富路口
搶奪,0931111 1217,台中市北屯區瀋陽路安順東八街
搶奪,0931111 1340,台中市北區漢口路榮華路
搶奪,0931111 1350,台中市西屯區西屯路玉門路口
搶奪,0931111 2210,台中市北屯區崇德二路柳陽西街
搶奪,0931112 0840,台中市南區工學南路工學二街附近
搶奪,0931112 1350,台中市北區學士.五義路
搶奪,0931112 1400,台中市北區漢口.榮華路
搶奪,0931112 1615,台中市西屯區河南東四街河南東五街
搶奪,0931113 0300,台中市南區新榮街
搶奪,0931113 1010,台中市西屯區文心路台中港路口
搶奪,0931113 2150,台中市南屯區大業路310號
搶奪,0931114 0840,台中市西區向上路1段
搶奪,0931114 1415,台中市西屯區大墩20街105號
搶奪,0931114 1740,台中市西區南屯路1段156號
搶奪,0931114 1920,台中市南區工學北路66號前樓
搶奪,0931115 1200,台中市東區東英路與東英十七街口
搶奪,0931115 1230,台中市西區自立路
搶奪,0931115 1330,台中市西區民生路140號
搶奪,0931115 1425,台中市北區育才.一中街口
搶奪,0931115 1500,台中市北屯區北屯路昌平路
搶奪,0931115 1815,台中市南屯區永春東路208號
搶奪,0931115 2140,台中市西區公正路
搶奪,0931116 1120,台中市北屯區大鵬路132巷
搶奪,0931116 1620,台中市南區美村南路工學路口
搶奪,0931116 2320,台中市西屯區大容西街49號
搶奪,0931117 0735,台中市西區美村路
搶奪,0931117 2030,台中市西區忠明南路
搶奪,0931118 0830,台中市西屯區福安里台中港路福安路口
搶奪,0931118 1230,台中市北區美德.永興
搶奪,0931118 1750,台中市西屯區文心路櫻花路口
搶奪,0931118 1835,台中市南區南和里工學路128號前樓
搶奪,0931118 2040,台中市南屯區大墩路與公益路
搶奪,0931118 2350,台中市南屯區大墩路與大業路
搶奪,0931119 0840,台中市西區五權三街
搶奪,0931119 0850,台中市南區忠明南路730巷陸橋上
搶奪,0931119 1210,台中市南區復興路與美村路口
搶奪,0931119 1350,台中市北屯區漢口路5段218號
搶奪,0931119 1400,台中市北區漢口.漢陽
搶奪,0931119 1505,台中市北區英才路384號
搶奪,0931119 2150,台中市西屯區福上巷216弄2-14號
搶奪,0931120 1635,台中市北區衛道.五常
搶奪,0931120 1700,台中市東區大勇街83號前樓
搶奪,0931121 0800,台中市東區復興路五段與南京二街
搶奪,0931121 1820,台中市西區五權八路
搶奪,0931122 1140,台中市南區忠明南路
搶奪,0931122 1335,台中市北屯區虎一巷28號
搶奪,0931122 1735,台中市南屯區向上路1段698號
搶奪,0931122 1915,台中市東區南京路雙十路口
搶奪,0931122 2150,台中市東區精武路
搶奪,0931123 1005,台中市西屯區惠來路市政北六路口
搶奪,0931124 0225,台中市西屯區重慶路169號
搶奪,0931124 0330,台中市北區太原.梅川西
搶奪,0931125 0530,台中市東區東英里三賢街與東英十五街口
搶奪,0931125 1340,台中市北區公園.三民
搶奪,0931125 1343,台中市東區大勇街29號
搶奪,0931125 1640,台中市西屯區福星路福上巷口
搶奪,0931126 1630,台中市南屯區東興路2段236號
搶奪,0931126 1710,台中市西屯區福安七街11巷11號
搶奪,0931126 1900,台中市中區繼光街
搶奪,0931126 2120,台中市西屯區何厝東二街40號
搶奪,0931127 1830,台中市南區永興里工學路與工學二街口
搶奪,0931127 2110,台中市西區忠明忠義路
搶奪,0931128 2130,台中市東區東橋里大振街與建中東街口
搶奪,0931128 2310,台中市北屯區安順東六街15號
搶奪,0931129 1810,台中市南區城隍里忠孝路濟世街口
搶奪,0931129 1910,台中市北區漢口路四段.東漢
搶奪,0931129 2205,台中市北區育樂街1-6巷7-3號
搶奪,0931130 0815,台中市西屯區黎明路1段661號
搶奪,0931130 1530,台中市中區中正路
搶奪,0931130 2200,台中市北區民權路498巷7號
搶奪,0931130 2250,台中市西區南屯路1段190巷23號
搶奪,0931130 2315,台中市南屯區文心南一路與向心路口
搶奪,0931201 0930,台中市西屯區青海路重慶路口
搶奪,0931201 0950,台中市北區雙十.興進
搶奪,0931201 1320,台中市中區三民路
搶奪,0931201 1330,台中市北區五權路386號
搶奪,0931201 1830,台中市西區貴和路
搶奪,0931201 1850,台中市西區五權西三街
搶奪,0931201 2000,台中市西屯區福康路89號
搶奪,0931201 2010,台中市北區育德路
搶奪,0931202 0350,台中市北區永興街
搶奪,0931202 0445,台中市西區忠明路54號之1
搶奪,0931202 0520,台中市北屯區北平路綏遠街
搶奪,0931202 0620,台中市北屯區太原路3段425號
搶奪,0931202 1020,台中市西屯區市政北七路惠民路口
搶奪,0931202 1115,台中市北屯區大鵬路52巷2弄
搶奪,0931203 1610,台中市東區公園東路與自由二街口
搶奪,0931204 0240,台中市西屯區重慶路378號
搶奪,0931204 1950,台中市西屯區福星路西安街口
搶奪,0931205 0502,台中市中區中正路
搶奪,0931205 1145,台中市北屯區安順東九街大連路口
搶奪,0931206 1035,台中市西屯區長安路2段131巷28號
搶奪,0931206 1540,台中市西區精誠路132巷
搶奪,0931207 1615,台中市西屯區台中港路3段121號
搶奪,0931207 2017,台中市南屯區
搶奪,0931207 2220,台中市西屯區福星北路8-1號
搶奪,0931208 1120,台中市西區中美街
搶奪,0931208 1140,台中市南屯區公益路與大昌街口
搶奪,0931208 1210,台中市南屯區大進街383號
搶奪,0931208 1505,台中市中區光復路
搶奪,0931208 1520,台中市西區柳川西路
搶奪,0931208 1900,台中市西屯區中清西二街45巷20號
搶奪,0931208 2000,台中市西屯區上明一街62號
搶奪,0931209 0130,台中市北區篤行路115號
搶奪,0931209 1110,台中市西區向上路
搶奪,0931209 1330,台中市西區向上路
搶奪,0931209 2015,台中市西屯區成都路漢成街口
搶奪,0931210 1110,台中市西區民生路
搶奪,0931210 1440,台中市東區合作里進化路188號
搶奪,0931210 1840,台中市北區英才.博館二街
搶奪,0931210 1920,台中市北區中正路401號
搶奪,0931211 0440,台中市西屯區大墩20街88-3號
搶奪,0931211 1150,台中市西屯區青海路1段47號
搶奪,0931212 1000,台中市西屯區黎明路3段51號
搶奪,0931212 1310,台中市南屯區豐偉路89號
搶奪,0931212 1310,台中市南屯區文心南七路與豐偉路口
搶奪,0931212 1900,台中市南區德義里國光路建成路口
搶奪,0931212 1910,台中市南屯區向心南路985號
搶奪,0931212 2116,台中市南屯區文心南七路與豐偉路口
搶奪,0931213 1855,台中市西區精誠路
搶奪,0931213 2000,台中市北屯區陳平一街36巷口弄
搶奪,0931214 1210,台中市西區五權西四街
搶奪,0931214 1419,台中市西屯區大福里長安路2段317巷18號
搶奪,0931214 1520,台中市南區復新街87巷
搶奪,0931214 1630,台中市北屯區昌平路北平路口
搶奪,0931214 1650,台中市北屯區天津路3段9號
搶奪,0931214 1920,台中市北區民權.德化
搶奪,0931214 2010,台中市西屯區河南東四街與河南東五
搶奪,0931215 1130,台中市西區自由路
搶奪,0931215 1310,台中市西屯區市政北一路77號
搶奪,0931215 1530,台中市西屯區中清路65巷19號
搶奪,0931215 1620,台中市西屯區西屯路3段159號之12
搶奪,0931215 1910,台中市南屯區大業路與大福路
搶奪,0931215 2005,台中市南區江川里學府路建成路口
搶奪,0931215 2100,台中市北區健行與榮華街口
搶奪,0931215 2103,台中市北屯區天津路9號
搶奪,0931215 2120,台中市北屯區松竹路2段86巷28弄3號
搶奪,0931215 2245,台中市北屯區大連路3段30號
搶奪,0931216 0400,台中市北區文心.山西
搶奪,0931216 1140,台中市西屯區何源里太原路1段271號
搶奪,0931216 1240,台中市西屯區西墩里西屯路黎明路口
搶奪,0931216 1330,台中市北區博館.博館一街
搶奪,0931216 1430,台中市西區林森路97號
搶奪,0931216 2050,台中市南屯區文心南一路66號
搶奪,0931216 2125,台中市西屯區西屯路永福路口
搶奪,0931216 2200,台中市南屯區大墩14街150號
搶奪,0931216 2320,台中市南屯區大墩六街與大墩路口
搶奪,0931217 0040,台中市西屯區同志巷70-5號
搶奪,0931217 1720,台中市西屯區大福里長安路2段210巷48號
搶奪,0931217 2020,台中市西區民生北路
搶奪,0931218 0032,台中市中區光復路
搶奪,0931218 0230,台中市北區中山.原子
搶奪,0931218 1200,台中市北區五權.育才北路
搶奪,0931218 1213,台中市北區雙十.育才南路
搶奪,0931218 1300,台中市東區振興里復興路四段與立德街口
搶奪,0931218 1915,台中市北屯區遼陽六街72號
搶奪,0931218 2330,台中市西區精誠路
搶奪,0931219 0007,台中市西屯區福星路慶和街口
搶奪,0931219 1325,台中市西屯區大進街716號
搶奪,0931219 1805,台中市北屯區興安路2段32巷10號
搶奪,0931220 0135,台中市北區公園路
搶奪,0931220 1445,台中市西屯區河南路福上巷口
搶奪,0931220 1500,台中市東區南京路與雙十路口
搶奪,0931221 1221,台中市東區南京路與武德街口
搶奪,0931221 1900,台中市西區精誠路
搶奪,0931222 0245,台中市西區忠明南路
搶奪,0931222 1100,台中市西屯區河南路2段301巷7號
搶奪,0931223 1359,台中市南屯區大墩10街與大墩路口
搶奪,0931223 1430,台中市西區忠明南與華美街口
搶奪,0931223 1515,台中市南區復興與民意街口
搶奪,0931223 1530,台中市西區五權西路
搶奪,0931223 1710,台中市南區長春里和平街20號
搶奪,0931223 1710,台中市東區立德街95號
搶奪,0931223 2140,台中市南區忠孝路與合作街口
搶奪,0931224 1055,台中市南區復興路與民意街口
搶奪,0931224 1200,台中市北區中華路130號之11
搶奪,0931224 1320,台中市東區南京路與雙十路口
搶奪,0931224 1330,台中市南區信義南街320號
搶奪,0931224 1330,台中市東區南京路雙十路口
搶奪,0931224 1335,台中市東區大智路南和路口
搶奪,0931225 2330,台中市西屯區大墩20街大容西街口
搶奪,0931225 2330,台中市西區精誠路
搶奪,0931226 0240,台中市中區中華路
搶奪,0931226 0250,台中市中區中華路
搶奪,0931226 0305,台中市中區中華路
搶奪,0931226 0910,台中市西屯區青海路河南路口
搶奪,0931226 1035,台中市北屯區熱河路2段12-2號
搶奪,0931227 0530,台中市北區光大.英士
搶奪,0931227 0945,台中市南屯區大墩一街20號
搶奪,0931227 1504,台中市北區民權.德化街口
搶奪,0931227 2334,台中市西屯區大墩20街大安街口
搶奪,0931228 0230,台中市北區五權.太平
搶奪,0931228 1200,台中市西屯區何安二巷銀聯二巷口
搶奪,0931228 1320,台中市北區五權路500巷
搶奪,0931229 0440,台中市北屯區昌平路Q段70號
搶奪,0931229 0930,台中市南區美村路二段與南平路口
搶奪,0931229 1120,台中市北區中華西路
搶奪,0931229 1400,台中市北屯區陳平一街83號3樓
搶奪,0931229 1500,台中市南區復興路與民意街口
搶奪,0931229 1600,台中市北屯區文新路4段749號
搶奪,0931229 2010,台中市北屯區中清路13巷6弄16號
搶奪,0931230 0200,台中市中區興民街49號
搶奪,0931230 2135,台中市南屯區大墩路與大墩11街口
搶奪,0931231 1051,台中市西屯區漢口路2段94號
搶奪,0940101 1400,台中市南屯區大墩路738號
搶奪,0940101 2318,台中市西屯區福安里西屯路3段5巷15號
搶奪,0940102 1550,台中市西區五權七街
搶奪,0940102 1900,台中市西屯區惠中二街
搶奪,0940102 2150,台中市西區公益北街45號
搶奪,0940103 0632,台中市西區中港路
搶奪,0940103 1105,台中市北區篤行路
搶奪,0940103 1210,台中市西屯區上石里上石南10巷9號
搶奪,0940103 1405,台中市北屯區熱河路3段20號
搶奪,0940103 1600,台中市東區進德路與福仁街口
搶奪,0940103 1710,台中市東區精武路與東南街口
搶奪,0940103 1749,台中市北區公園路94號
搶奪,0940103 1815,台中市西屯區福安八街
搶奪,0940103 1820,台中市南區美村南與工學路口
搶奪,0940104 1300,台中市西區中美街
搶奪,0940104 1920,台中市西區美村路
搶奪,0940105 0530,台中市西區中港路
搶奪,0940105 1040,台中市西區大全街52號
搶奪,0940105 1550,台中市南區合作街與信義南街口
搶奪,0940106 1130,台中市西區民生路366號
搶奪,0940106 1150,台中市西區自立街
搶奪,0940107 1825,台中市北區福龍.成功
搶奪,0940107 1915,台中市西屯區中清路43巷54弄60號
搶奪,0940107 1920,台中市西區精明二街55號
搶奪,0940107 2010,台中市中區光復路
搶奪,0940108 1420,台中市西屯區惠來路市政北七路口
搶奪,0940110 1345,台中市西區自治街254號
搶奪,0940110 2330,台中市中區中華路
搶奪,0940111 0200,台中市北區北興街183號
搶奪,0940111 1010,台中市北區大雅路231號
搶奪,0940111 1155,台中市北屯區進化北路24巷8弄口號
搶奪,0940111 1310,台中市南區和平里復興路2段71巷
搶奪,0940111 1830,台中市西屯區何厝里漢口路1段13號
搶奪,0940111 2002,台中市北區山西.太原路
搶奪,0940111 2040,台中市西屯區福星路福星北路口
搶奪,0940111 2045,台中市北區五權路406號
搶奪,0940112 0210,台中市中區光復路
搶奪,0940112 1350,台中市中區公園路
搶奪,0940112 1500,台中市西區公益路1段88號
搶奪,0940112 1500,台中市南區工學一街
搶奪,0940112 1830,台中市東區干城里南京六街
搶奪,0940113 0300,台中市北屯區文心路梅川東路口
搶奪,0940114 0130,台中市西區中華路1段28號
搶奪,0940115 2100,台中市北屯區昌平路1段137號
搶奪,0940115 2122,台中市北屯區安順東七街17號
搶奪,0940115 2310,台中市北屯區北屯路178號之1
搶奪,0940116 0130,台中市西屯區西屯路2段297-8巷38號
搶奪,0940116 1550,台中市東區東橋里大智路與建新街口
搶奪,0940117 1100,台中市南屯區精誠南路
搶奪,0940117 1250,台中市南區和平里忠明南路760號
搶奪,0940117 1440,台中市北屯區梅川東路天津路
搶奪,0940117 1500,台中市中區三民路2段42號
搶奪,0940118 1400,台中市南屯區大同里大墩路771號
搶奪,0940119 0045,台中市北區進化北路
搶奪,0940119 1010,台中市西屯區大鵬路59號
搶奪,0940119 1630,台中市北屯區雷中路61巷23號
搶奪,0940119 1900,台中市南屯區南興巷23號
搶奪,0940120 1445,台中市北區進化路573號
搶奪,0940120 1815,台中市北區北平.青島西
搶奪,0940121 0215,台中市西屯區河南路福上巷口
搶奪,0940121 0250,台中市西屯區福星路535號
搶奪,0940121 1610,台中市南屯區大墩路與大墩三街口
搶奪,0940122 1440,台中市西區五權西五路
搶奪,0940122 1515,台中市北區太原三街17號
搶奪,0940123 0100,台中市西屯區環中路中清路口
搶奪,0940123 0930,台中市北屯區文昌二路128號
搶奪,0940123 1319,台中市北區錦平.五權50巷
搶奪,0940123 1600,台中市北屯區軍福路軍福十九路口
搶奪,0940124 0100,台中市北屯區中清路62巷45號
搶奪,0940124 1105,台中市南區忠孝路149號
搶奪,0940124 1730,台中市西屯區福星路福星北路口
搶奪,0940124 1850,台中市南屯區文心路與大墩六街口
搶奪,0940124 2020,台中市西區民生北路
搶奪,0940124 2230,台中市北區育才北路3號
搶奪,0940125 0140,台中市北區民族路
搶奪,0940125 1340,台中市北區大義街130巷
搶奪,0940125 2015,台中市西區中港路133號
搶奪,0940125 2300,台中市北區青島路2段69號
搶奪,0940126 1125,台中市西區公館路33號
搶奪,0940126 1255,台中市南屯區公益路與大英街口
搶奪,0940126 1340,台中市南屯區五權西路2段666號
搶奪,0940126 1620,台中市西區中美街
搶奪,0940126 1830,台中市西屯區工業一路6巷26弄21號
搶奪,0940126 2008,台中市西屯區福雅路103號
搶奪,0940126 2150,台中市北屯區東山路1段50巷10弄1號
搶奪,0940126 2320,台中市北屯區松竹路后庄路口
搶奪,0940127 0610,台中市西屯區河南路2段301巷16號
搶奪,0940128 0522,台中市西屯區大墩20街與大安街口
搶奪,0940128 1500,台中市東區台中路台中國小前
搶奪,0940129 0950,台中市南區復興美村路口
搶奪,0940129 1130,台中市南屯區大墩11街280巷14號
搶奪,0940129 1335,台中市北區大義街26巷
搶奪,0940129 1405,台中市北屯區三光巷52弄2號
搶奪,0940129 1630,台中市中區民權路100號1樓
搶奪,0940129 1810,台中市西區華美路
搶奪,0940130 0130,台中市南區忠孝路與和作街口
搶奪,0940130 2120,台中市南屯區大墩12街311號
搶奪,0940131 1430,台中市南屯區向上路與惠中路口
搶奪,0940131 2140,台中市南區忠孝路148巷
搶奪,0940201 0840,台中市西區大仁街
搶奪,0940201 1325,台中市南屯區大墩14街與大福街口
搶奪,0940201 1420,台中市南屯區大墩10街與大墩路口
搶奪,0940201 1445,台中市北區雙十路2段92號
搶奪,0940202 0130,台中市東區新庄里復興路四段大智路口
搶奪,0940202 1154,台中市北區中華路2段181號
搶奪,0940203 1350,台中市西區自由路
搶奪,0940203 1620,台中市西區明義街
搶奪,0940203 2225,台中市北區中華.錦平
搶奪,0940204 1405,台中市西區林森路
搶奪,0940204 1520,台中市南屯區大墩路與大墩十二街
搶奪,0940205 0930,台中市南區福德街143號
搶奪,0940205 1310,台中市東區新庄里復興路、立德街口
搶奪,0940205 1430,台中市南屯區大興里東興路2段47號
搶奪,0940205 1500,台中市西屯區台中港路惠來路口
搶奪,0940205 1510,台中市西屯區福星路西安街口
搶奪,0940205 1510,台中市北區育才北.一中街
搶奪,0940206 1120,台中市南屯區大墩12街與大聖街口
搶奪,0940206 1315,台中市西屯區逢甲里福星路453號
搶奪,0940206 1400,台中市西區美村路1段769號
搶奪,0940206 1415,台中市北區五權路228巷2號
搶奪,0940207 0135,台中市南區積善里五權南路614巷3弄1號
搶奪,0940207 0730,台中市中區八德路
搶奪,0940207 1130,台中市東區南京東路一段建成路口
搶奪,0940207 1130,台中市東區新庄里大智路58號
搶奪,0940207 1230,台中市西屯區大信街50號
搶奪,0940207 1300,台中市北屯區旅順路
搶奪,0940207 1430,台中市西屯區惠來路市政北六路口
搶奪,0940207 2340,台中市西區大同路
搶奪,0940208 1130,台中市南屯區大墩路391號
搶奪,0940208 1250,台中市西屯區台中港路2段111號
搶奪,0940209 1300,台中市西屯區市政北五路惠來路口
搶奪,0940209 1305,台中市西區五權西三街57號
搶奪,0940209 1530,台中市北屯區和祥街205巷56號
搶奪,0940209 2210,台中市北區健行路190號
搶奪,0940210 1350,台中市西屯區長安路中清西二街口
搶奪,0940210 1355,台中市西區華美西街
搶奪,0940210 1625,台中市西屯區西安街217號之8
搶奪,0940211 0850,台中市北區山西.北平
搶奪,0940211 1320,台中市西區公益路
搶奪,0940211 1730,台中市中區中華路1段193巷
搶奪,0940211 2325,台中市南區忠孝路78巷
搶奪,0940212 1920,台中市南區城隍里忠孝路與正義街口
搶奪,0940212 2026,台中市南屯區大墩12街100號
搶奪,0940212 2210,台中市西區五權西二街
搶奪,0940213 0430,台中市西區五權路
搶奪,0940213 0915,台中市北區精武路220號
搶奪,0940213 1430,台中市北區北屯.德化
搶奪,0940214 1000,台中市北屯區軍福路軍福十三路口
搶奪,0940214 1450,台中市西屯區惠來路市政北七路口
搶奪,0940214 1455,台中市西區五權五街
搶奪,0940214 1545,台中市中區中華路
搶奪,0940214 1610,台中市東區復興路四段與互助街口
搶奪,0940215 0156,台中市南屯區干城街285號
搶奪,0940215 0230,台中市南屯區向上路1段65號之2
搶奪,0940215 1300,台中市南屯區惠中路與大墩七街口
搶奪,0940215 1531,台中市西屯區惠中路30巷25號
搶奪,0940215 1535,台中市北區育才北路32號
搶奪,0940215 1910,台中市北區梅亭街
搶奪,0940215 2115,台中市西區五權西四街
搶奪,0940215 2200,台中市南區福興里美村路2段285號
搶奪,0940216 1125,台中市東區進化與富貴街口
搶奪,0940216 1200,台中市東區東門里振興路246巷52號
搶奪,0940216 1710,台中市北區太平路63巷1號
搶奪,0940216 1800,台中市北區學士路257號
搶奪,0940216 1940,台中市南屯區黎明路2段496號
搶奪,0940216 2025,台中市南區城隍里忠孝路113號
搶奪,0940217 1300,台中市北區健行路766巷75弄
搶奪,0940217 1420,台中市北區德化街176巷6號
搶奪,0940217 1530,台中市北區青島一街
搶奪,0940217 2030,台中市西屯區大隆路178號
搶奪,0940218 0255,台中市東區樂成里東光園路與樂業路口
搶奪,0940218 0700,台中市北屯區北屯路337號
搶奪,0940219 1300,台中市北屯區旅順路1段262號
搶奪,0940219 1645,台中市北區健行路354號
搶奪,0940220 0600,台中市北區進化北.榮華
搶奪,0940220 1355,台中市西區精誠9路21號
搶奪,0940221 1310,台中市西區五權路
搶奪,0940222 1545,台中市西區中興四巷26號
搶奪,0940222 2130,台中市北屯區大連路3段65號
搶奪,0940222 2340,台中市西屯區福上巷117弄
搶奪,0940224 1010,台中市西區中興路
搶奪,0940224 1020,台中市南屯區大進街685號
搶奪,0940225 0825,台中市北屯區中清路62巷口弄
搶奪,0940225 1330,台中市北區德化街130巷5號
搶奪,0940225 1620,台中市西區公益北街2號
搶奪,0940225 1910,台中市西屯區漢口路忠義街口
搶奪,0940225 1930,台中市南區忠孝路124號
搶奪,0940225 2125,台中市東區新庄里復興路四段台中路口
搶奪,0940226 0245,台中市南屯區嶺東路38號
搶奪,0940226 2015,台中市北區健行路
搶奪,0940226 2045,台中市西區民權路91號
搶奪,0940227 0900,台中市西區永安街
搶奪,0940227 1015,台中市北區五權路500巷10弄
搶奪,0940228 0540,台中市西屯區何仁里櫻花路28號
搶奪,0940228 1700,台中市南區信義南街與民意街口
搶奪,0940228 1730,台中市西屯區惠中三街市政北七路口
搶奪,0940301 0510,台中市東區雙十路與公園東路口
搶奪,0940301 1050,台中市西區公益路192號
搶奪,0940301 1330,台中市南區復興路3段384巷16號
搶奪,0940301 1840,台中市北屯區北屯路373號
搶奪,0940301 1900,台中市中區民權路
搶奪,0940301 1930,台中市中區雙十路31號
搶奪,0940302 0548,台中市西屯區文心路3段11巷
搶奪,0940302 1620,台中市南區城隍里民意街與信義南街口
搶奪,0940302 1740,台中市西屯區大鵬路134號
搶奪,0940303 1920,台中市南區美村南路
搶奪,0940304 0430,台中市南區復興路3段333號
搶奪,0940304 1005,台中市北區健行路518巷16號
搶奪,0940304 1621,台中市北區漢口路4段381巷
搶奪,0940304 1710,台中市東區台中和平街口
搶奪,0940304 2200,台中市西屯區台中港路惠中路口
搶奪,0940305 1335,台中市中區民族綠川東路
搶奪,0940305 2115,台中市南區國光路與興大路口
搶奪,0940306 1050,台中市東區自由路與自由三街口
搶奪,0940306 1350,台中市北區學士.英才
搶奪,0940306 2040,台中市北屯區松山街115號
搶奪,0940307 0820,台中市西區中美路
搶奪,0940308 0625,台中市南屯區黎明路2段107號
搶奪,0940308 0900,台中市南區忠明南路730巷
搶奪,0940308 1320,台中市南區合作街5號
搶奪,0940308 1610,台中市南區長榮里信義南街與有恆街口
搶奪,0940308 1808,台中市西區中美街
搶奪,0940308 1815,台中市西區中華路
搶奪,0940309 0730,台中市北區進化路583號
搶奪,0940309 1000,台中市西屯區青海路2段丸久超市前道路
搶奪,0940309 1618,台中市南區福興里南平路257號
搶奪,0940309 1700,台中市北屯區昌平路山西路口
搶奪,0940309 1925,台中市西區中港路1段160號之1
搶奪,0940310 1820,台中市北區英才路
搶奪,0940310 1830,台中市北區進化北路259號
搶奪,0940311 0745,台中市北區五順街
搶奪,0940311 0750,台中市東區精武東路與三賢街口
搶奪,0940311 2205,台中市北區梅亭.梅川東
搶奪,0940312 0115,台中市北區育才街20號
搶奪,0940312 1015,台中市東區大智路與信義街口
搶奪,0940312 1235,台中市西區成功路
搶奪,0940312 1340,台中市中區自由路
搶奪,0940312 1630,台中市西屯區甘州五街16號
搶奪,0940312 1630,台中市南區學府路168巷
搶奪,0940313 1025,台中市中區中正興中路
搶奪,0940313 1100,台中市北屯區遼陽四街98號
搶奪,0940313 1200,台中市北區五權路500巷6弄12號
搶奪,0940313 1220,台中市南區城隍里正義街102號
搶奪,0940313 2230,台中市西屯區文心路市政北一路口
搶奪,0940314 0120,台中市北區進化北.學士
搶奪,0940314 0940,台中市北區大雅路58號
搶奪,0940314 1005,台中市西區三民西路
搶奪,0940314 1045,台中市西區美村路
搶奪,0940314 1545,台中市北區梅亭街150號
搶奪,0940314 1805,台中市南區工學路147號
搶奪,0940314 2155,台中市西區忠明南路
搶奪,0940315 1130,台中市北屯區遼陽六街大連路口
搶奪,0940315 1950,台中市南區城隍里忠孝路與濟世街口
搶奪,0940316 2230,台中市西屯區西屯路2段297巷42號
搶奪,0940317 0448,台中市北屯區大連路1段202號
搶奪,0940317 1430,台中市南屯區文心路與向上路
搶奪,0940317 2135,台中市南屯區大進街與大墩十一街
搶奪,0940318 0845,台中市北屯區中清路同平巷2號
搶奪,0940318 1310,台中市北屯區崇德五路松順一街口
搶奪,0940318 1900,台中市北區一中.育才
搶奪,0940318 1915,台中市西屯區惠來路市政北六路口
搶奪,0940319 1030,台中市西屯區太原路1段217號
搶奪,0940319 1340,台中市北區民權路
搶奪,0940319 1900,台中市北區北平.北平四
搶奪,0940319 2140,台中市西屯區漢口路2段29號
搶奪,0940320 0030,台中市北區雙十.育才南
搶奪,0940320 1630,台中市南區工學路12巷
搶奪,0940320 2140,台中市東區自由路與自由一街口
搶奪,0940321 1103,台中市西區精誠21街23號
搶奪,0940321 1945,台中市北區育德.篤行
搶奪,0940321 2210,台中市北區一中街175號
搶奪,0940322 0900,台中市西區四維街
搶奪,0940322 1125,台中市北屯區太原路3段191號
搶奪,0940322 1355,台中市北屯區陳平一街139號
搶奪,0940322 1400,台中市西區英才路
搶奪,0940322 1630,台中市東區東南街95號5樓之7
搶奪,0940323 0835,台中市南屯區南屯路2段190號
搶奪,0940323 1115,台中市北屯區崇德二路遼寧路口
搶奪,0940323 1550,台中市南區忠明南路730巷24號之1
搶奪,0940323 1550,台中市西區明義路
搶奪,0940323 2030,台中市中區中華路1段
搶奪,0940323 2100,台中市西區精誠28路
搶奪,0940324 0221,台中市南屯區東興路2段25巷8號
搶奪,0940324 0845,台中市西區大仁博館路
搶奪,0940324 2055,台中市北區中華路2段62號
搶奪,0940324 2145,台中市北區忠明路462號
搶奪,0940324 2245,台中市南屯區大隆與大進街口
搶奪,0940325 1020,台中市西區民生路140號
搶奪,0940325 1710,台中市西屯區福星路397號3樓
搶奪,0940325 2127,台中市西區五權西路
搶奪,0940325 2210,台中市中區中正路
搶奪,0940326 0905,台中市北屯區太原路
搶奪,0940326 1350,台中市北區梅亭.五常
搶奪,0940326 1515,台中市北區太平.文祥
搶奪,0940326 1710,台中市北區三民路3段65號之11
搶奪,0940327 0610,台中市中區光復路
搶奪,0940327 0810,台中市北屯區文昌東四街32號
搶奪,0940327 1350,台中市西屯區大隆路大聖街口
搶奪,0940327 1915,台中市北區國強.梅豐
搶奪,0940328 0130,台中市西屯區文華路西屯路口
搶奪,0940328 2000,台中市南區忠孝路70號之2
搶奪,0940328 2232,台中市北屯區中清路2-69號
搶奪,0940328 2300,台中市南區永興里高工路美村南路口
搶奪,0940329 1020,台中市東區復興路與自由路口
搶奪,0940329 1350,台中市西區法院前路
搶奪,0940329 1930,台中市北屯區文昌東二街130號
搶奪,0940330 2035,台中市北區一中.育才南
搶奪,0940401 0145,台中市北屯區北屯路251號
搶奪,0940401 1200,台中市西區自治路32號
搶奪,0940401 1810,台中市西區公益路
搶奪,0940401 1930,台中市北區青島西街47號
搶奪,0940402 1020,台中市北區健行路580號
搶奪,0940402 1755,台中市南屯區大墩十一街280巷17號
搶奪,0940402 1810,台中市西區公益路
搶奪,0940402 1900,台中市東區東英里十甲東路與東英八街口
搶奪,0940403 1047,台中市北屯區松竹路2段74巷6號
搶奪,0940403 1130,台中市西區英才路470巷
搶奪,0940403 2030,台中市北區文昌東二街105號
搶奪,0940404 0620,台中市西屯區惠來路與櫻花路口
搶奪,0940404 1610,台中市北區健行路766巷1號
搶奪,0940404 1700,台中市北區柳川東路4段61號
搶奪,0940404 2200,台中市北區山西路2段131號
搶奪,0940405 2030,台中市西區五權七路
搶奪,0940405 2050,台中市北屯區北平路文昌東四街
搶奪,0940406 1020,台中市南屯區東興路與大墩六街
搶奪,0940406 1020,台中市西屯區中清路65巷
搶奪,0940406 1450,台中市西區五權西三路
搶奪,0940406 1540,台中市西屯區福星路517號
搶奪,0940406 2030,台中市東區新庄里大智路與和平街口
搶奪,0940406 2250,台中市東區富台里自由富台東街口
搶奪,0940407 2045,台中市北區公園.柳川西
搶奪,0940407 2050,台中市北區精武路圖書館前
搶奪,0940408 1550,台中市西屯區市政北七路與惠中路口
搶奪,0940408 1830,台中市西屯區西屯路2段26號
搶奪,0940408 2300,台中市北區太原八.太原六
搶奪,0940409 0100,台中市北屯區北平路3段186號
搶奪,0940410 1110,台中市中區中正路
搶奪,0940410 1930,台中市北區太原路1段448號之2
搶奪,0940410 2150,台中市北屯區松竹路松和街口
搶奪,0940410 2250,台中市中區三民路
搶奪,0940411 0015,台中市北屯區東山路1段138巷62-1號
搶奪,0940411 1215,台中市北區陜西路83號
搶奪,0940411 2350,台中市東區干城里復興公園東路口
搶奪,0940412 0027,台中市北屯區北屯路439-17巷30號
搶奪,0940412 0920,台中市西屯區重慶路229號
搶奪,0940412 1130,台中市北屯區崇德三路18號
搶奪,0940412 1250,台中市西區樂群街114號
搶奪,0940412 2056,台中市北區賴厝.東漢
搶奪,0940414 0847,台中市南屯區大墩12街313號
搶奪,0940414 1505,台中市北區梅川西路3段281巷7號
搶奪,0940414 2210,台中市北區大雅.育德
搶奪,0940415 1230,台中市東區振興里大勇街66號之3
搶奪,0940415 1530,台中市西區大全路
搶奪,0940416 1035,台中市西屯區西屯路2段39號
搶奪,0940416 1831,台中市北區光大.五常
搶奪,0940417 0750,台中市南屯區永春東三路與楓樹巷口
搶奪,0940417 2030,台中市北區三民路3段256號之13
搶奪,0940418 1300,台中市南區長春里仁德街16號
搶奪,0940418 2100,台中市北屯區瀋陽北路18號
搶奪,0940420 1325,台中市南區長春里復興路三段
搶奪,0940420 1900,台中市西區美村路
搶奪,0940420 1955,台中市北區一中ˋ育才北
搶奪,0940420 2105,台中市西屯區精明路與精明一街口
搶奪,0940421 1455,台中市西區五權西四街55號
搶奪,0940421 2345,台中市北區一中.太平
搶奪,0940422 0310,台中市中區中華路
搶奪,0940422 1210,台中市北屯區北平路3段81號
搶奪,0940422 1525,台中市北區育才北.雙十
搶奪,0940422 1600,台中市西區五權西四街
搶奪,0940422 1605,台中市南屯區大墩路653號之3
搶奪,0940422 1750,台中市南屯區大進街與大墩17街口
搶奪,0940422 2200,台中市西屯區西屯路至善路口
搶奪,0940423 0935,台中市北區太原2街.漢口
搶奪,0940423 0950,台中市東區干城里南京路雙十路口
搶奪,0940423 2315,台中市西屯區福星路福星北路口
搶奪,0940424 1130,台中市西區自治路
搶奪,0940424 1545,台中市南屯區大聖街131號
搶奪,0940425 0515,台中市西屯區福雅路300號
搶奪,0940425 0810,台中市北區山西路1段69號
搶奪,0940426 1155,台中市西區忠誠街54號
搶奪,0940426 1319,台中市中區中華路
搶奪,0940426 1410,台中市西區林森路115號
搶奪,0940428 1010,台中市東區十甲里十甲北街17巷98號
搶奪,0940428 1817,台中市北區三民.錦華3段
搶奪,0940429 1150,台中市北屯區崇德六路興安路口
搶奪,0940429 1230,台中市南屯區忠勇路105號之16
搶奪,0940429 1230,台中市南屯區南屯路2段510號
搶奪,0940429 1530,台中市南區長榮里國光路2巷11號
搶奪,0940429 2010,台中市北區西屯路1段189巷
搶奪,0940430 0130,台中市北區梅川西路3段141號
搶奪,0940430 0240,台中市西屯區西平里逢甲路75巷9號
搶奪,0940430 1530,台中市南屯區大聖街192號
搶奪,0940430 1630,台中市南區長春里台中路復興路三段口
搶奪,0940430 1725,台中市中區綠川西路
搶奪,0940501 0600,台中市北屯區中清西二路29號
搶奪,0940502 1440,台中市南區德義里復新街53號
搶奪,0940503 0055,台中市中區中華路
搶奪,0940503 0236,台中市北區公園路86號
搶奪,0940503 1230,台中市南屯區大墩12街283號
搶奪,0940503 1310,台中市北區館前.博館二街
搶奪,0940504 0730,台中市北屯區昌平路2段31巷2弄口號
搶奪,0940504 2000,台中市北屯區崇德五路121號
搶奪,0940505 0510,台中市北區成功路391號
搶奪,0940505 1540,台中市東區振興里信義街45號
搶奪,0940506 0030,台中市南屯區大墩十街與大光街口
搶奪,0940506 1930,台中市北區文昌東一街56號
搶奪,0940507 0430,台中市南區忠明南路地下道
搶奪,0940507 1130,台中市西區貴和路
搶奪,0940507 1220,台中市北屯區遼寧路2段50號
搶奪,0940507 2000,台中市北屯區青島路4段185號
搶奪,0940507 2020,台中市北區青島東街35號
搶奪,0940507 2150,台中市北屯區河北路崇德五路口
搶奪,0940507 2200,台中市西區公正路
搶奪,0940509 0220,台中市東區進化路與建成路口
搶奪,0940509 1610,台中市北屯區松義街79號
搶奪,0940509 1700,台中市南區信義南街台中路口
搶奪,0940509 1710,台中市南屯區五權西路與惠中路口
搶奪,0940509 2010,台中市南屯區公益路與大進街口
搶奪,0940509 2125,台中市西屯區西屯路太原路口
搶奪,0940509 2140,台中市北區中華路2段197號
搶奪,0940510 0815,台中市北屯區熱河路安順東七街口
搶奪,0940510 1500,台中市中區中華路1段124巷
搶奪,0940510 1510,台中市西屯區台中路3段高速公路涵洞
搶奪,0940510 1920,台中市北屯區北屯路337號
搶奪,0940510 2320,台中市西屯區工業區16路4號
搶奪,0940511 0530,台中市北區漢口路4段5號
搶奪,0940511 1310,台中市南屯區文昌街225巷12號
搶奪,0940511 1853,台中市北區文昌東一街288號
搶奪,0940511 2010,台中市北區三民路
搶奪,0940511 2128,台中市北區文心路4段220號
搶奪,0940511 2205,台中市西屯區長安路2段131巷25弄
搶奪,0940512 0430,台中市北區太原.大德
搶奪,0940512 1440,台中市北屯區文昌三路49號
搶奪,0940512 1705,台中市北區雙十.精武
搶奪,0940512 1810,台中市東區振興里信義街106號
搶奪,0940512 2015,台中市北區五常街191巷5號
搶奪,0940513 1410,台中市東區新庄里大公街17巷1號
搶奪,0940513 1540,台中市北區進化路575號
搶奪,0940514 1550,台中市北區美德街190號
搶奪,0940514 1810,台中市南屯區大聖街與大墩18街口
搶奪,0940514 2230,台中市北區五權路500巷
搶奪,0940515 1451,台中市東區信義街142號前樓
搶奪,0940515 1505,台中市東區東興里建中街125號前樓
搶奪,0940515 2230,台中市北區育才北路10號
搶奪,0940516 1100,台中市東區東興里台中路與七中路口
搶奪,0940516 1805,台中市東區新庄里互助街25巷
搶奪,0940516 2000,台中市北區育德.五常
搶奪,0940517 1650,台中市北區大德街82巷4號
搶奪,0940517 1815,台中市北屯區崇德三路熱河路口
搶奪,0940517 2110,台中市北區文昌東一街100號
搶奪,0940518 0130,台中市北區崇德路1段141號
搶奪,0940518 1603,台中市北區益華街路39巷24號
搶奪,0940518 1753,台中市南區福興里高院路高分院後門
搶奪,0940518 2000,台中市北區五常.五權
搶奪,0940518 2022,台中市西屯區上仁街115號
搶奪,0940518 2025,台中市西區五權三街249號
搶奪,0940519 0015,台中市北區水源街25-1號
搶奪,0940519 0250,台中市北屯區崇德路1段558號
搶奪,0940519 1830,台中市南區樹義里復興路1段359號
搶奪,0940519 1940,台中市北區太原ˋ榮華路
搶奪,0940519 2020,台中市北區中華ˋ錦平路
搶奪,0940519 2040,台中市北屯區昌平路2段2-41號
搶奪,0940519 2145,台中市西屯區福星路與寶慶街口
搶奪,0940520 1240,台中市南區福順里南陽街15號
搶奪,0940520 1310,台中市西區林森路
搶奪,0940520 1810,台中市西屯區成都路與寧夏路口
搶奪,0940520 1845,台中市西屯區惠中路與西屯路口
搶奪,0940521 0940,台中市西區自立街29號
搶奪,0940521 1020,台中市北屯區平德路1巷19號
搶奪,0940521 2045,台中市南屯區公益路2段36號
搶奪,0940521 2120,台中市北區北平路2段113號
搶奪,0940522 0240,台中市北區雙十路2段100巷
搶奪,0940522 1400,台中市西區公益路
搶奪,0940522 1910,台中市北區青島路ˋ青島一街
搶奪,0940523 1530,台中市北區學士ˋ五順路
搶奪,0940523 1530,台中市東區東勢里進化路173巷
搶奪,0940524 1600,台中市東區新庄里大公街19號
搶奪,0940524 1900,台中市西區五權一路
搶奪,0940525 2120,台中市南屯區文心路與大墩六街口
搶奪,0940527 1100,台中市北區育德路130號
搶奪,0940527 1100,台中市南屯區大墩四街177號
搶奪,0940527 1515,台中市北屯區昌平路2段國泰巷76號
搶奪,0940527 1550,台中市北屯區瀋陽路安順東六街口
搶奪,0940527 1635,台中市南區德義里仁義街76號
搶奪,0940527 1810,台中市北區五常ˋ梅亭路
搶奪,0940528 0200,台中市北區雙十路2段14號
搶奪,0940528 0250,台中市東區十甲里十甲路與十甲北街口
搶奪,0940528 0350,台中市北屯區遼寧路1段57號
搶奪,0940528 1335,台中市東區干城里復興路四段南京路口
搶奪,0940528 1745,台中市東區新庄里和平街260巷24號
搶奪,0940528 2002,台中市西區五權西三路
搶奪,0940529 2005,台中市北屯區軍功路1段133號
搶奪,0940529 2230,台中市中區建國路172號
搶奪,0940530 0010,台中市西屯區福星路與永新南二巷口
搶奪,0940530 0915,台中市西屯區台中港路與何厝街口
搶奪,0940530 0930,台中市南屯區公益路與大聖街口
搶奪,0940530 1130,台中市北屯區進化北路63巷5號
搶奪,0940530 1210,台中市南區福順里復興路與美村路口
搶奪,0940531 0330,台中市北區博館路30號
搶奪,0940531 1100,台中市南區福興里福東街與美村路口
搶奪,0940531 1225,台中市北屯區熱河路1段70號
搶奪,0940531 1940,台中市西區忠明南路105號
搶奪,0940601 0517,台中市南屯區向心68巷
搶奪,0940601 1010,台中市北屯區昌平路1段454號
搶奪,0940601 1230,台中市中區柳川東路3段7號
搶奪,0940601 1600,台中市北屯區山山路2段
搶奪,0940601 1750,台中市北區進化北學士路口
搶奪,0940602 0020,台中市北屯區松竹路松明街
搶奪,0940602 0530,台中市西屯區西屯路3段84號之6
搶奪,0940602 1230,台中市北屯區文昌三街29號
搶奪,0940602 1250,台中市北區美德ˋ永興路口
搶奪,0940602 1300,台中市北屯區崇德五路345號
搶奪,0940602 1400,台中市北區五權路352巷1號
搶奪,0940602 1400,台中市北屯區文昌東一街10號
搶奪,0940602 2030,台中市南屯區公益路2段183號
搶奪,0940602 2120,台中市北區大雅ˋ進化北路口
搶奪,0940602 2150,台中市西區忠興街
搶奪,0940604 0130,台中市西區忠誠路102巷
搶奪,0940604 2049,台中市北區漢口.崇興路
搶奪,0940605 0750,台中市北屯區安順北一街山西路口
搶奪,0940605 1110,台中市西屯區大福里大鵬路長安路口
搶奪,0940605 1840,台中市北區西屯路397號
搶奪,0940606 1100,台中市北區學士路236巷22號
搶奪,0940606 1225,台中市西屯區大信街13巷7號
搶奪,0940606 1245,台中市南屯區南屯路2段235巷9弄26號
搶奪,0940606 1330,台中市西區美村路1段
搶奪,0940606 2030,台中市西屯區台中港路3段115號
搶奪,0940606 2245,台中市北區精武路(圖書館前)
搶奪,0940607 0635,台中市北區健行路608號
搶奪,0940607 0950,台中市西區民權路217巷6號
搶奪,0940607 1140,台中市西區四維路
搶奪,0940607 1440,台中市西區精誠1街20號
搶奪,0940608 0400,台中市南屯區東興東街61號
搶奪,0940608 0820,台中市東區福明街與進德路口
搶奪,0940608 1100,台中市北區健行路412號
搶奪,0940608 1320,台中市北區五權路498號之8
搶奪,0940608 1635,台中市西區公益路
搶奪,0940608 1640,台中市北區梅川東路3段206巷
搶奪,0940609 0155,台中市南屯區大英街296號
搶奪,0940609 1310,台中市東區新庄里復興路四段互助街口
搶奪,0940609 1525,台中市北區漢口路4段318巷35號
搶奪,0940610 0340,台中市南屯區大墩14街140號
搶奪,0940610 1000,台中市北屯區軍福十八路59號
搶奪,0940610 1030,台中市南屯區大敦12街360號
搶奪,0940610 1100,台中市南屯區大聖街46號
搶奪,0940610 1220,台中市北區民權路357號
搶奪,0940610 2045,台中市北區健行路
搶奪,0940611 1900,台中市西區中港路
搶奪,0940611 2340,台中市北區英士路106巷27號
搶奪,0940612 0020,台中市西屯區河南路與福上巷口
搶奪,0940612 0350,台中市北屯區梅川東路北平路口
搶奪,0940612 0410,台中市北區五義街146巷11號
搶奪,0940612 0520,台中市北區大雅.育德路口
搶奪,0940612 1240,台中市西區忠明南路
搶奪,0940612 1410,台中市北區中華ˋ錦平路
搶奪,0940612 1815,台中市西區五權西5路
搶奪,0940613 0805,台中市北屯區中清路108號之15
搶奪,0940613 0940,台中市北區梅亭街517號
搶奪,0940613 1020,台中市北屯區后庄路
搶奪,0940614 1310,台中市北區進化路334號
搶奪,0940614 1520,台中市西屯區朝馬二街80號
搶奪,0940614 1700,台中市西區精美路48號
搶奪,0940614 1910,台中市東區富榮街49號
搶奪,0940614 2250,台中市西區金山路23號
搶奪,0940615 1215,台中市西屯區福星路547號
搶奪,0940615 1245,台中市北區五常街72號
搶奪,0940615 1550,台中市北屯區遼陽三街5號
搶奪,0940615 1815,台中市北屯區東山路1段138巷35號
搶奪,0940615 2203,台中市西區華美西街
搶奪,0940617 0635,台中市北屯區中清路152巷4弄8號
搶奪,0940617 0945,台中市南區工學路146巷
搶奪,0940617 1050,台中市西區金山路35號
搶奪,0940617 1520,台中市北屯區崇德一路70號
搶奪,0940617 1750,台中市南屯區大墩11街304號
搶奪,0940619 0600,台中市西屯區西安街76巷8弄
搶奪,0940619 1232,台中市西區西屯路1段
搶奪,0940619 2110,台中市西區館前路26號
搶奪,0940620 0400,台中市北區學士ˋ梅亭路口
搶奪,0940620 0550,台中市北區進化北路171號
搶奪,0940620 0700,台中市東區十甲里十甲東路520號
搶奪,0940620 0745,台中市東區十甲里十甲路與十甲北街口
搶奪,0940620 1326,台中市南屯區大昌街468號
搶奪,0940620 1448,台中市北屯區漢口路5段11號
搶奪,0940620 1500,台中市西區華美街283巷
搶奪,0940620 1550,台中市北屯區旅順路2段420號
搶奪,0940620 1920,台中市東區東信里振興路437巷67號
搶奪,0940620 2155,台中市西屯區西屯路福上巷口
搶奪,0940621 0800,台中市北屯區四平路387巷64號
搶奪,0940621 1520,台中市南區永和里5鄰五權南路497巷22號
搶奪,0940621 1740,台中市北屯區遼寧路1段508號
搶奪,0940621 1920,台中市西屯區永福路與福科路口
搶奪,0940621 2000,台中市南屯區大墩路與大墩14街口
搶奪,0940622 1207,台中市北屯區松義街146號
搶奪,0940622 1350,台中市西屯區太原路與寧漢一街口
搶奪,0940622 1550,台中市北屯區天祥街1段91號
搶奪,0940622 2155,台中市西區大仁街
搶奪,0940623 0620,台中市西區樂群街365號
搶奪,0940623 0945,台中市北區綏遠路1段1號之2
搶奪,0940623 2230,台中市北區永興街80巷30號
搶奪,0940624 1200,台中市西屯區河南路2段246號
搶奪,0940624 1515,台中市西屯區文華路100號
搶奪,0940624 1615,台中市西區五權八路
搶奪,0940625 0120,台中市西區永安路
搶奪,0940625 1010,台中市西區華美路
搶奪,0940625 1140,台中市北屯區華美西街2段480號
搶奪,0940625 1830,台中市北屯區篰子路606號
搶奪,0940625 2215,台中市西區精明二路
搶奪,0940626 0420,台中市北區崇德路1段121巷2號之5
搶奪,0940626 0500,台中市西屯區西屯路與惠中路口
搶奪,0940626 0830,台中市西區自治街民生路
搶奪,0940626 1110,台中市西屯區大弘街16號
搶奪,0940626 1215,台中市西區中美路
搶奪,0940626 1230,台中市北屯區興安路1段133巷15號
搶奪,0940627 2347,台中市北區漢口路4段295號
搶奪,0940628 0930,台中市北屯區平德路1巷四平路69巷口
搶奪,0940628 1430,台中市北區青島東街52號
搶奪,0940628 1430,台中市北屯區天津路4段
搶奪,0940629 0520,台中市北區崇德ˋ進化北路口
搶奪,0940629 1050,台中市北屯區熱河路2段126號
搶奪,0940629 1250,台中市西區中港路1段199巷
搶奪,0940630 0933,台中市北屯區崇德路2段416號
搶奪,0940630 1130,台中市南屯區大光街8號
搶奪,0940630 2010,台中市南屯區大英街與大墩六街口
搶奪,0940701 0225,台中市北屯區綏遠路2段15巷
搶奪,0940701 1125,台中市西區博館路
搶奪,0940701 1130,台中市南區正義街與復興路三段口
搶奪,0940701 1210,台中市西區中美路
搶奪,0940701 1306,台中市西區林森路
搶奪,0940701 1440,台中市北屯區遼陽三街河北路口
搶奪,0940701 1600,台中市南區城隍里忠孝路與合作街口
搶奪,0940701 1944,台中市北區一中街115號
搶奪,0940702 0639,台中市南屯區五權西路236號
搶奪,0940702 0938,台中市西屯區大墩19街與大恩街口
搶奪,0940702 1900,台中市北區永興`街292號7樓之4
搶奪,0940703 0750,台中市西區福人路
搶奪,0940703 0840,台中市東區台中路與仁和路口
搶奪,0940703 1013,台中市北屯區松竹路2段165號
搶奪,0940703 1200,台中市南區長春里民意街14號
搶奪,0940703 1320,台中市北屯區青島路4段12號
搶奪,0940703 1515,台中市西屯區上石南八巷9號
搶奪,0940703 1940,台中市西區五權西路
搶奪,0940704 0730,台中市西屯區潮洋里朝馬三街與朝富一街口
搶奪,0940704 1720,台中市西區忠明南路
搶奪,0940704 2220,台中市北區雙十路2段48巷6號
搶奪,0940705 0415,台中市北區梅川東ˋ梅亭路口
搶奪,0940705 0500,台中市西區大忠路
搶奪,0940705 0947,台中市南區復興路三段與高院路口
搶奪,0940705 1515,台中市西區中美路19號
搶奪,0940705 1630,台中市北區漢口ˋ山西路
搶奪,0940706 1650,台中市南屯區向上路與大英西二街
搶奪,0940706 1745,台中市東區十甲里精武東路17號
搶奪,0940707 0215,台中市東區進德路40巷12號
搶奪,0940707 1510,台中市北區華美街2段206號
搶奪,0940707 2320,台中市南區樹義里建國南路大慶火車站
搶奪,0940707 2340,台中市北屯區興安路1段321巷28號
搶奪,0940708 0150,台中市北屯區華美西路2段478號
搶奪,0940708 0700,台中市西屯區西安街76巷12弄15號
搶奪,0940708 1800,台中市北屯區瀋陽路10號
搶奪,0940709 0350,台中市東區東英里三賢街107號
搶奪,0940709 0610,台中市南屯區大富街135號
搶奪,0940709 1445,台中市西屯區市政北七與惠來路口
搶奪,0940709 1450,台中市西屯區西屯路2段268號
搶奪,0940709 1500,台中市西區五權三街
搶奪,0940709 1530,台中市北區三民ˋ精武路
搶奪,0940709 2040,台中市西區博館二街
搶奪,0940710 0420,台中市西屯區西屯路與國安一路口
搶奪,0940710 0655,台中市北屯區昌平路文昌東十二街
搶奪,0940710 2150,台中市東區新庄里復興路4段82號
搶奪,0940711 0205,台中市北區忠明ˋ忠太西路
搶奪,0940711 0525,台中市南屯區向心南路與永春東路口
搶奪,0940711 0750,台中市中區中山路
搶奪,0940711 0855,台中市西屯區台中港路漢口路口
搶奪,0940711 0945,台中市西區美村路
搶奪,0940711 1502,台中市南屯區田心北三巷33號
搶奪,0940711 1620,台中市北區忠明路498巷
搶奪,0940711 1905,台中市南屯區公益路與大聖街
搶奪,0940712 0340,台中市北區進化路351巷12號
搶奪,0940712 2000,台中市南屯區大墩14街400號
搶奪,0940712 2025,台中市西屯區市政北七路與惠中路口
搶奪,0940713 0330,台中市北屯區昌平路2段4巷2弄62號
搶奪,0940713 0430,台中市北區德化街287號
搶奪,0940713 1735,台中市西區忠誠街35號
搶奪,0940713 1835,台中市北屯區昌平路旅順路口
搶奪,0940714 1100,台中市中區中正路48號
搶奪,0940715 0400,台中市北區漢口路與青海路
搶奪,0940715 0515,台中市北屯區北屯路439-17巷
搶奪,0940715 0840,台中市西區中美街197號
搶奪,0940715 1110,台中市西區大明街
搶奪,0940715 1200,台中市西屯區協和里工業區385路3號
搶奪,0940715 1440,台中市北屯區柳陽東路漢口路口
搶奪,0940715 2153,台中市西屯區逢甲路158號
搶奪,0940716 0352,台中市北區英士.柳川西路口
搶奪,0940717 0645,台中市西區精誠12街40號
搶奪,0940717 0705,台中市西屯區洛陽路櫻花路口
搶奪,0940717 1515,台中市西區精誠路
搶奪,0940719 0300,台中市西屯區惠來路青海路口
搶奪,0940719 2035,台中市西區中港路1段199巷1弄
搶奪,0940720 1750,台中市北區天津ˋ陜西4街口
搶奪,0940721 0300,台中市北屯區遼陽北二街50號
搶奪,0940721 0330,台中市西屯區天水東二街11號之4
搶奪,0940721 0430,台中市西區福人街60號
搶奪,0940721 1010,台中市北屯區崇德六路1段151巷23號
搶奪,0940721 1100,台中市北屯區北華街87巷23號
搶奪,0940721 1150,台中市東區精武路91巷31號前樓
搶奪,0940721 1530,台中市北屯區天津路文昌東四街
搶奪,0940721 2145,台中市南屯區大進街430號
搶奪,0940722 1148,台中市西屯區市政北一路77號
搶奪,0940722 1810,台中市南屯區大墩11街與大英街口
搶奪,0940722 2125,台中市西區中美路
搶奪,0940722 2345,台中市西屯區太原路華美西街口
搶奪,0940723 0020,台中市西屯區台中港路2段阿羅合客運站
搶奪,0940723 1340,台中市北區金龍里崇德.錦中街口
搶奪,0940723 1440,台中市東區東興里建成路與立德街口
搶奪,0940723 1540,台中市西區中美路
搶奪,0940723 1700,台中市西區建國路
搶奪,0940723 1700,台中市南屯區大同街43號
搶奪,0940723 2048,台中市中區中華光復路
搶奪,0940724 1950,台中市西區五權西一路
搶奪,0940724 2100,台中市中區自由路
搶奪,0940725 0025,台中市中區光復路
搶奪,0940725 1110,台中市北區梅亭ˋ華富街口
搶奪,0940725 1230,台中市東區十甲路與十甲北街口
搶奪,0940725 1240,台中市西區三民路100號
搶奪,0940725 1320,台中市西屯區西屯路與上石北二巷
搶奪,0940725 1400,台中市北區力行路271號
搶奪,0940725 1444,台中市北區天津與北平路2段30巷
搶奪,0940726 0240,台中市北屯區綏遠路安順北二街口
搶奪,0940726 1015,台中市北屯區進化北路2號
搶奪,0940726 1545,台中市北區五權ˋ育才北路
搶奪,0940726 1600,台中市北屯區中清西二路25號
搶奪,0940726 1845,台中市北區精武路538號
搶奪,0940726 2250,台中市東區新庄里和平街215號前樓
搶奪,0940727 0340,台中市北區梅川西路3段39巷18號
搶奪,0940727 0640,台中市北區民權ˋ健行路
搶奪,0940727 1315,台中市北區大雅路15號之8
搶奪,0940727 1830,台中市西屯區天水中街36號
搶奪,0940728 0225,台中市西屯區國安二路1號
搶奪,0940728 1545,台中市北區天津ˋ山西路
搶奪,0940728 2037,台中市南屯區大墩12街126號
搶奪,0940729 0510,台中市西屯區文心路3段10號
搶奪,0940729 0640,台中市西屯區甘肅路1段87號
搶奪,0940729 0710,台中市南屯區大墩17街10號
搶奪,0940729 1440,台中市東區自強街4巷28號
搶奪,0940729 1604,台中市北屯區柳陽東路旅順路口
搶奪,0940729 1705,台中市西區五權西路
搶奪,0940729 1730,台中市西屯區青海逢甲路口
搶奪,0940729 2035,台中市西區民生北路
搶奪,0940730 1030,台中市南屯區公益路與永春東七路口
搶奪,0940730 1420,台中市北屯區青島路文昌東六街
搶奪,0940730 1650,台中市北區五權.育才北路口
搶奪,0940731 0335,台中市南區永興里美村南路191巷30號
搶奪,0940731 1300,台中市西屯區逢甲里文華路100號
搶奪,0940731 1450,台中市西屯區西屯路2段208巷25號
搶奪,0940731 1930,台中市西區五廊路
搶奪,0940801 0315,台中市北屯區崇德十路梅川東路
搶奪,0940801 1050,台中市西屯區華美西街2段399巷6號
搶奪,0940801 1550,台中市西區公益路36號
搶奪,0940801 2155,台中市東區雙十路1段8-4號
搶奪,0940802 0300,台中市東區泉源里建成路340號之1
搶奪,0940802 1110,台中市北區太原八街22號
搶奪,0940802 1438,台中市西屯區西屯路3段148巷3號
搶奪,0940802 1740,台中市南屯區文心南路豐樂公園停車場
搶奪,0940803 0930,台中市南區福平里美村路二段福德街口
搶奪,0940803 1000,台中市東區干城里復興路南京路口
搶奪,0940803 1010,台中市西區五廊街20號
搶奪,0940803 1045,台中市北屯區崇德路3段10號
搶奪,0940803 1120,台中市北區進化路286號
搶奪,0940803 1200,台中市西屯區天水西六街23號
搶奪,0940804 1100,台中市西區大明路
搶奪,0940806 0210,台中市西屯區台中港路與國際街口
搶奪,0940806 1225,台中市南屯區惠文路與大墩11街口
搶奪,0940806 1950,台中市南屯區大英街347號
搶奪,0940806 2015,台中市西區民權路83號
搶奪,0940807 0200,台中市西區華美西街48號
搶奪,0940808 1350,台中市西區五權五街257巷4號
搶奪,0940808 2005,台中市西屯區寧漢街與寧漢三街口
搶奪,0940808 2130,台中市西區中美街419巷
搶奪,0940809 1330,台中市西屯區何南里大墩19街與精明二街
搶奪,0940809 1415,台中市北區新北里雙十.育才北路
搶奪,0940809 1615,台中市西屯區福星路577號
搶奪,0940809 1710,台中市西區中美街
搶奪,0940810 0330,台中市北區國瑞街122號
搶奪,0940810 1450,台中市北屯區松竹路2段306巷
搶奪,0940810 1550,台中市西屯區漢口路與西屯路口
搶奪,0940810 1555,台中市南屯區大墩10街243號
搶奪,0940810 2130,台中市東區自強街22號之3
搶奪,0940811 1430,台中市西區精誠路
搶奪,0940811 1650,台中市北區漢口路4段318巷48號
搶奪,0940811 2015,台中市西區博館三街
搶奪,0940812 1500,台中市東區新庄里大智路與和平街口
搶奪,0940812 1640,台中市北屯區昌平路1段210號
搶奪,0940813 0250,台中市西屯區西屯路與福上巷口
搶奪,0940813 1245,台中市西區美村路1段772號
搶奪,0940813 1900,台中市西區向上北路163號
搶奪,0940813 2100,台中市南區和平里8鄰美和街與南平一街口
搶奪,0940814 1810,台中市北屯區遼寧路1段僑孝街口
搶奪,0940814 2100,台中市東區干城里南京路雙十路口
搶奪,0940814 2120,台中市西區民權路
搶奪,0940815 0000,台中市西區民龍里民權路與向上路口
搶奪,0940815 1150,台中市西屯區青海路與四川三街口
搶奪,0940815 1330,台中市東區東南里富貴街70號
搶奪,0940816 1100,台中市南屯區建功路105號
搶奪,0940816 1145,台中市北區五權路352巷
搶奪,0940816 2000,台中市南區城隍里忠孝路135號之8
搶奪,0940817 0010,台中市西區貴和路32號
搶奪,0940817 1345,台中市北區進化北路264號
搶奪,0940817 1630,台中市西區大業路13號
搶奪,0940817 1730,台中市南區美村南路南平一街口
搶奪,0940817 1955,台中市中區中山路360號
搶奪,0940818 1037,台中市南區城隍里濟世街73號
搶奪,0940818 1400,台中市南屯區大墩十二街193號
搶奪,0940818 1400,台中市東區南京路與南京六街口
搶奪,0940818 1450,台中市西區美村路1段78號
搶奪,0940820 0030,台中市西區忠明南路
搶奪,0940820 0310,台中市西屯區福瑞街60號
搶奪,0940820 1350,台中市北區五權路.育才街
搶奪,0940820 1700,台中市南區城隍里台中路168號
搶奪,0940820 2330,台中市南屯區五權西路機車道涵洞
搶奪,0940821 1545,台中市西屯區大弘三街與大有二街
搶奪,0940821 1650,台中市北區錦新.一中街口
搶奪,0940821 1715,台中市北區太原ˋ永興路
搶奪,0940821 1910,台中市南區城隍里忠孝路157巷口
搶奪,0940822 0730,台中市東區東南里東南街29號
搶奪,0940822 0800,台中市北屯區豐樂路8-9號
搶奪,0940822 0940,台中市西屯區工業一路82號
搶奪,0940822 1420,台中市北區五權路498號
搶奪,0940822 1440,台中市北屯區昌平路2段5-11號
搶奪,0940822 1945,台中市東區樂成里樂業路與育英路口
搶奪,0940822 2020,台中市北屯區瀋陽路3段79號
搶奪,0940822 2210,台中市南區工學里工學北路161號
搶奪,0940824 0845,台中市西屯區世斌一巷22弄27號
搶奪,0940824 1240,台中市西區中興街128巷6號
搶奪,0940824 1303,台中市西區康樂路19巷9號
搶奪,0940824 1445,台中市西區民權路19巷9號
搶奪,0940824 1830,台中市西屯區逢甲路福星路口
搶奪,0940824 2305,台中市西屯區青海路河南路口
搶奪,0940825 0945,台中市西區向上路1段41號
搶奪,0940825 1031,台中市西屯區大墩路大墩20街口
搶奪,0940825 1058,台中市北區三民ˋ育才北路
搶奪,0940825 1225,台中市北屯區松竹路1段306巷
搶奪,0940826 1305,台中市北屯區昌平路1段95-9號
搶奪,0940826 1505,台中市北區梅亭東街36巷
搶奪,0940826 1540,台中市北區五權.柳川西路
搶奪,0940826 1730,台中市北區進化北.永興路口
搶奪,0940827 1320,台中市東區練武路226號
搶奪,0940827 1330,台中市北屯區文昌東五天津路
搶奪,0940827 1610,台中市西區中美街628號
搶奪,0940827 1855,台中市西區民權路18-1號
搶奪,0940827 2045,台中市北區一中街171號
搶奪,0940827 2110,台中市北屯區僑孝街59號
搶奪,0940827 2200,台中市北區進化北.大德街口
搶奪,0940827 2300,台中市西屯區大弘四街2號
搶奪,0940828 0925,台中市西區民權路217巷6號
搶奪,0940829 1040,台中市北屯區水湳路4-31號
搶奪,0940829 1243,台中市北區一中街29號
搶奪,0940829 1430,台中市北區太原南一街26號
搶奪,0940829 1500,台中市西屯區朝馬路與朝馬一街口
搶奪,0940829 2055,台中市中區中華路與中正路口
搶奪,0940830 0800,台中市北區美德ˋ五常街口
搶奪,0940830 0830,台中市北屯區北屯路409號之1
搶奪,0940830 1535,台中市西屯區何南里大墩20街與大安街口
搶奪,0940830 1630,台中市北區興進路215號
搶奪,0940830 2040,台中市北屯區興安路1段
搶奪,0940831 0405,台中市北區福樂街57號
搶奪,0940831 1830,台中市北區漢口ˋ漢陽街
搶奪,0940901 1900,台中市南區公益路193號公益郵局
搶奪,0940901 2140,台中市北屯區中清路108號之2
搶奪,0940902 1000,台中市西屯區西屯路2段282巷42號之1
搶奪,0940902 1225,台中市北區美德街385號
搶奪,0940902 1250,台中市北屯區中平路595號
搶奪,0940902 1340,台中市南屯區大墩路與大墩12街口
搶奪,0940902 1450,台中市中區柳川東路3段36號
搶奪,0940902 1500,台中市西屯區漢口路2段270號
搶奪,0940902 1520,台中市南屯區大英街363號
搶奪,0940902 1730,台中市北屯區大德巷65弄
搶奪,0940902 2130,台中市北區大雅ˋ天津路
搶奪,0940903 1400,台中市北屯區昌平路1段91號
搶奪,0940903 1430,台中市西屯區青海路1段117號
搶奪,0940903 1550,台中市北區雙十路2段16號
搶奪,0940903 1630,台中市西區五權西路
搶奪,0940903 1630,台中市南屯區大墩路779號
搶奪,0940903 1720,台中市北屯區后庄一街96號
搶奪,0940903 2100,台中市西屯區惠來里台中港路惠中路口
搶奪,0940903 2255,台中市南屯區文心南五路516號
搶奪,0940904 0750,台中市東區富仁里復興路5段131號
搶奪,0940904 1452,台中市西屯區大墩路與大隆路口
搶奪,0940904 1500,台中市西區民生路
搶奪,0940904 1600,台中市西區華美西街
搶奪,0940904 1630,台中市中區自由路2段37號
搶奪,0940904 1655,台中市北屯區中清路147號之10
搶奪,0940904 1945,台中市北屯區文昌東六街北平路口
搶奪,0940905 0810,台中市北屯區崇德路3段10號
搶奪,0940905 0905,台中市西區博館2街123號
搶奪,0940905 1310,台中市北區館前路.博館二街
搶奪,0940905 1400,台中市西區精誠路
搶奪,0940905 1600,台中市西區金山路
搶奪,0940905 1630,台中市西區精誠路114號
搶奪,0940905 1630,台中市西區精誠路114號
搶奪,0940905 1650,台中市中區成功路144號
搶奪,0940905 1655,台中市南區德義里台中路與忠孝路口
搶奪,0940905 1730,台中市東區樂成里建成與樂業路口
搶奪,0940906 0627,台中市北屯區中清路5弄9號
搶奪,0940906 0758,台中市南屯區黎明路1段867號之4
搶奪,0940906 0800,台中市西區福人街110號
搶奪,0940906 1330,台中市北屯區崇德路2段416號
搶奪,0940906 1335,台中市北區漢口路4段345巷
搶奪,0940906 1940,台中市北區崇德路1段88號
搶奪,0940906 1945,台中市中區中正路
搶奪,0940906 2020,台中市南屯區大墩路533號
搶奪,0940906 2050,台中市南區城隍里21鄰忠孝路177號
搶奪,0940907 0750,台中市北區美德街.五常街口
搶奪,0940907 1000,台中市西區康樂街
搶奪,0940907 1020,台中市西屯區逢甲路202號
搶奪,0940907 1840,台中市北區忠明路.民權路口
搶奪,0940907 1955,台中市西屯區大隆路與大容西街口
搶奪,0940907 2035,台中市西屯區福星路與河南路口
搶奪,0940907 2055,台中市南屯區公益路2段8號
搶奪,0940907 2100,台中市北屯區大連路3段116號
搶奪,0940908 0035,台中市西區中華路
搶奪,0940908 0510,台中市中區中華路
搶奪,0940908 1800,台中市南屯區大墩10街216號
搶奪,0940908 2130,台中市北區三民路.雙十路
搶奪,0940909 0130,台中市北區德化街126號
搶奪,0940909 1015,台中市北區精武路.中華路口
搶奪,0940909 1425,台中市西區自由路101號
搶奪,0940909 1505,台中市南屯區惠忠路與大富街口
搶奪,0940909 1600,台中市北屯區北平路3段146號
搶奪,0940909 1635,台中市中區繼光街87號
搶奪,0940909 2250,台中市西屯區永福路60號
搶奪,0940910 0345,台中市西屯區漢口路1段54號之1
搶奪,0940910 1830,台中市北屯區興安與瀋陽路
搶奪,0940911 0720,台中市西屯區3段台中港路中工三路口
搶奪,0940911 0830,台中市西區精誠8街31號
搶奪,0940911 1500,台中市西區精誠8街12巷
搶奪,0940911 2120,台中市中區中華路
搶奪,0940912 1215,台中市西區五廊街46號
搶奪,0940912 1530,台中市北區公園ˋ三民路
搶奪,0940912 1630,台中市西區公益路150號
搶奪,0940913 0155,台中市西屯區西屯路2段8號
搶奪,0940913 0400,台中市東區東興里大智路與仁和路口
搶奪,0940913 1430,台中市東區東南里十甲路與東光路口
搶奪,0940914 1130,台中市西區民權路1號
搶奪,0940914 1435,台中市西區五權三路
搶奪,0940914 1455,台中市西屯區河南路與東一街口
搶奪,0940914 1500,台中市北區漢口.梅川西路
搶奪,0940914 1630,台中市中區中華路
搶奪,0940914 2130,台中市西屯區惠來里惠來路市政北七路口
搶奪,0940915 1430,台中市南區和平里10鄰新和街114號
搶奪,0940916 0640,台中市北屯區平德路25巷17號
搶奪,0940916 1310,台中市西屯區永福路與福順路口
搶奪,0940916 1440,台中市南屯區公益路與大昌街口
搶奪,0940916 1605,台中市西區林森路
搶奪,0940916 2250,台中市西屯區何厝里何厝東一與東二街口
搶奪,0940917 0930,台中市西屯區河南路2段105號
搶奪,0940917 1830,台中市北區梅川西路4段232號
搶奪,0940917 2230,台中市南區城隍里正義街148號
搶奪,0940919 1545,台中市南區積善里五權南路680巷46號
搶奪,0940919 1900,台中市西區中港路1段133號
搶奪,0940919 2030,台中市南區永和里五權南路五權南一街口
搶奪,0940920 2125,台中市南屯區黎明路與萬和路口
搶奪,0940921 1250,台中市北區青島路2段11號
搶奪,0940921 1420,台中市西屯區市政北七與惠來路口
搶奪,0940921 1637,台中市北屯區文心路3段447號
搶奪,0940921 1715,台中市北屯區熱河路與安順東七街
搶奪,0940922 1512,台中市西區精美街41號
搶奪,0940922 1810,台中市北區大雅路29巷14號
搶奪,0940923 1635,台中市西區美村路
搶奪,0940923 1840,台中市北屯區松竹路2段160巷3弄8號
搶奪,0940923 1920,台中市西屯區河南路2段301巷24號
搶奪,0940923 1930,台中市西區市府路41巷17號
搶奪,0940923 2250,台中市北區永興街195號之1
搶奪,0940924 0405,台中市南區國光里臺中路與興大路口
搶奪,0940925 0535,台中市南屯區大墩二街與東興西街口
搶奪,0940925 1030,台中市北屯區河北路3段117號
搶奪,0940925 1945,台中市西區中美街16號
搶奪,0940926 1225,台中市西區五權五街五權西四街口253巷16號
搶奪,0940926 1410,台中市北區漢口路4段313號
搶奪,0940926 1530,台中市北區尊賢.育才街口
搶奪,0940926 1537,台中市東區新庄里互助街28號
搶奪,0940926 1625,台中市北屯區松竹路2段407巷22號
搶奪,0940926 2010,台中市西���區西屯路與玉門路口
搶奪,0940926 2130,台中市南區崇倫里8鄰崇倫街160號
搶奪,0940926 2255,台中市北屯區天津路4段315號
搶奪,0940927 0910,台中市西屯區福順路462巷7號
搶奪,0940927 1400,台中市北區崇德路1段172號
搶奪,0940927 1400,台中市北區梅亭東街36巷
搶奪,0940928 1623,台中市南屯區公益路2段33號
搶奪,0940928 1641,台中市東區東信里旱溪東路與六順路口
搶奪,0940928 1719,台中市西屯區洛陽路青海路口
搶奪,0940928 1735,台中市中區中正路
搶奪,0940928 1840,台中市北屯區河北路河北一街口
搶奪,0940928 2200,台中市西屯區青海路1段33號
搶奪,0940929 0945,台中市南屯區河南路4段190巷10號
搶奪,0940929 0950,台中市西屯區文心與華美西街口
搶奪,0940929 1138,台中市西區長春路74巷
搶奪,0940929 1600,台中市西屯區福順路與福康路口
搶奪,0940930 0855,台中市北區太平ˋ尊賢路
搶奪,0941001 0930,台中市西屯區台中港路3段128巷
搶奪,0941001 1645,台中市西區精誠路
搶奪,0941001 2110,台中市北屯區崇德六路河北路口
搶奪,0941001 2300,台中市西屯區文心路大墩18街口
搶奪,0941002 1800,台中市北區育才.一中街口
搶奪,0941002 2300,台中市北區梅亭.榮華街口路
搶奪,0941003 0730,台中市南區南門里明德街82號
搶奪,0941003 1150,台中市西屯區大福里中清西二街159號
搶奪,0941003 1215,台中市北屯區興安路2段400號
搶奪,0941003 1650,台中市東區東橋里東光園路與大興街口
搶奪,0941003 2120,台中市北區大雅ˋ太原路
搶奪,0941004 1525,台中市中區自由路2號
搶奪,0941004 1645,台中市中區建國路175號
搶奪,0941005 0955,台中市北屯區昌平路2段10號
搶奪,0941006 1430,台中市西區美村路1段36號
搶奪,0941006 1430,台中市西區向上路
搶奪,0941006 1840,台中市南屯區公益路2段107號
搶奪,0941007 1315,台中市西區大明街
搶奪,0941007 2033,台中市西區公益路
搶奪,0941007 2310,台中市南區永和里南和路38巷
搶奪,0941008 0130,台中市北屯區旱溪西路2段56號
搶奪,0941008 1205,台中市北屯區興安路2段376號
搶奪,0941008 1220,台中市西屯區大福里中清西二街43號
搶奪,0941008 2330,台中市北區梅亭街297號
搶奪,0941009 1520,台中市西屯區惠來里市政北六路惠來路口
搶奪,0941009 1530,台中市西區五權西四街112號
搶奪,0941009 1605,台中市中區中正路94號
搶奪,0941009 1610,台中市南屯區大業路與大進街口
搶奪,0941010 1810,台中市東區十甲里十甲路與東英路口
搶奪,0941010 2140,台中市西屯區惠來里市政北七路惠中三街口
搶奪,0941010 2155,台中市北屯區興安路瀋陽路口
搶奪,0941011 1215,台中市北屯區瀋陽路安順東七街口
搶奪,0941011 1850,台中市北區梅亭街221號
搶奪,0941011 1917,台中市南屯區東興路3段168號
搶奪,0941011 1940,台中市南區永興里高工路350號
搶奪,0941011 2200,台中市南屯區大業路與大英街口
搶奪,0941012 1040,台中市西區永安路
搶奪,0941012 1425,台中市南屯區大光街與公益路口
搶奪,0941012 1505,台中市西區自由路
搶奪,0941012 1635,台中市北區雙十路2段2號
搶奪,0941012 2335,台中市北區健行ˋ學士路
搶奪,0941013 0050,台中市中區中華路1段150號
搶奪,0941013 1145,台中市西區大業路32號
搶奪,0941013 1210,台中市西屯區永安里西屯路福康路口
搶奪,0941013 1620,台中市北屯區四平路37巷平德路口
搶奪,0941013 1850,台中市西區精誠路
搶奪,0941013 2100,台中市東區旱溪里東光園路與旱溪三街口
搶奪,0941013 2100,台中市北區北興街232號
搶奪,0941014 0830,台中市西屯區逢甲里西屯路上石北二巷口
搶奪,0941014 1035,台中市北屯區崇德六路1段161巷20號
搶奪,0941014 1050,台中市中區民族路50號
搶奪,0941014 1505,台中市西區美村路79號
搶奪,0941014 1820,台中市東區東南里進化路168巷63號
搶奪,0941014 1930,台中市南屯區公益路2段252號
搶奪,0941014 2330,台中市南區樹德里建國南路1段145號
搶奪,0941015 1115,台中市西屯區西屯路文華路口
搶奪,0941016 1750,台中市北區育才北路.一中街口
搶奪,0941016 1842,台中市南屯區向上路22號
搶奪,0941016 2315,台中市南區工學里復興路1段448號
搶奪,0941017 0955,台中市南區南門里興大路與合作街口
搶奪,0941017 1940,台中市北區三民ˋ錦平路
搶奪,0941017 2020,台中市北區學士ˋ衛道路
搶奪,0941017 2320,台中市西區公益路282號
搶奪,0941018 1540,台中市中區自由路2段1號
搶奪,0941018 1715,台中市中區中正路
搶奪,0941019 0845,台中市西屯區漢成街34號
搶奪,0941019 1900,台中市東區東英里東英八街與十甲東路口
搶奪,0941020 1050,台中市西區中美街214號
搶奪,0941020 1110,台中市北區健行ˋ德化路
搶奪,0941020 1819,台中市北屯區崇德二路2段218號
搶奪,0941020 2020,台中市西區西屯路1段180巷31號
搶奪,0941021 1150,台中市西屯區福聯里東大路榮總醫院前
搶奪,0941021 1200,台中市南屯區大墩12街與大英街口
搶奪,0941021 1255,台中市北區民族.中華西路
搶奪,0941021 1430,台中市西區建國北路100巷10號
搶奪,0941021 1500,台中市西區民權路77號
搶奪,0941021 1710,台中市中區民權路
搶奪,0941021 2010,台中市北屯區松竹五路水景街口
搶奪,0941023 0330,台中市北屯區東山路1段194號
搶奪,0941023 1340,台中市北屯區崇德路1段602號
搶奪,0941023 1450,台中市西屯區惠來里市政北七路惠中二街口
搶奪,0941023 1500,台中市南屯區公益路與大進街口
搶奪,0941023 1625,台中市南屯區惠中路與大墩10街口
搶奪,0941023 2145,台中市西屯區西墩里光明路52-3號
搶奪,0941024 1445,台中市西屯區河南路甘肅路口
搶奪,0941024 1830,台中市北屯區崇德一路158號
搶奪,0941024 1945,台中市西區華美街
搶奪,0941024 2230,台中市北屯區東光路1段50巷16號
搶奪,0941024 2350,台中市北區光大街47號
搶奪,0941025 0840,台中市東區新庄里大公街90號
搶奪,0941025 0930,台中市東區干城里南京四街與南京二街口
搶奪,0941025 1420,台中市南屯區惠文路與大墩11街口
搶奪,0941025 1440,台中市南屯區大墩路與公益路口
搶奪,0941025 1610,台中市北區一中ˋ育才北路
搶奪,0941025 1650,台中市東區新庄里大智路17巷
搶奪,0941025 1700,台中市南屯區大聖街38巷
搶奪,0941025 1900,台中市北區大雅ˋ進化北路
搶奪,0941025 2000,台中市西屯區逢甲里西屯路2段274號
搶奪,0941025 2000,台中市西屯區何安里青海路重慶路口
搶奪,0941025 2030,台中市北區三民ˋ健行路
搶奪,0941026 0230,台中市南屯區大墩4街47號
搶奪,0941026 1425,台中市南屯區公益路2段25號
搶奪,0941026 1505,台中市西區精誠6街10號
搶奪,0941026 1700,台中市西屯區何明里大有二街太原路口
搶奪,0941026 1830,台中市西區忠誠街102巷
搶奪,0941026 1850,台中市西區精誠路
搶奪,0941026 2350,台中市西屯區西平里福星路325號
搶奪,0941028 0340,台中市西屯區潮洋里台中港路3段12號
搶奪,0941028 0440,台中市西區博館路195號
搶奪,0941028 1025,台中市南屯區黎明路2段536號
搶奪,0941028 1405,台中市西區華美街498巷
搶奪,0941028 1415,台中市西屯區市政北七路惠中三街口
搶奪,0941028 1502,台中市北屯區北平路河北路口
搶奪,0941028 2310,台中市北區五權ˋ公園路
搶奪,0941029 1240,台中市北區三民路3段219號
搶奪,0941029 1350,台中市南區福順里復興路二段南昌街口
搶奪,0941029 2158,台中市西區精誠路256號
搶奪,0941030 1345,台中市中區綠川西路135號
搶奪,0941030 1710,台中市南區福平里光輝街137號
搶奪,0941030 2020,台中市西區忠明南路12巷
搶奪,0941030 2040,台中市北屯區崇德路2段1號
搶奪,0941031 1030,台中市南區東南里旱溪西路1段
搶奪,0941031 1645,台中市北屯區安順四街58號
搶奪,0941031 1900,台中市北屯區瀋陽路麻園東街口
搶奪,0941031 1923,台中市北屯區雷中街1-4號
搶奪,0941031 2130,台中市東區東南里自強南街6巷27號
搶奪,0941031 2200,台中市北屯區崇興路1段132號
搶奪,0941101 0940,台中市東區旱溪里旱溪西路自由路四段口
搶奪,0941101 1438,台中市南屯區大業里東興路與大墩十四街
搶奪,0941101 1530,台中市西屯區西安里西安街18巷4號之1
搶奪,0941101 1620,台中市西區向上路1段224號
搶奪,0941101 1650,台中市東區干城里南京路與南京六街口
搶奪,0941101 1700,台中市南屯區大聖街180號
搶奪,0941101 1800,台中市西區中興路
搶奪,0941101 1818,台中市北屯區昌平路崇德九路口
搶奪,0941101 1915,台中市北區育才街6巷4號
搶奪,0941102 1745,台中市南屯區大進街512號
搶奪,0941102 1900,台中市北區學士ˋ梅亭路
搶奪,0941102 1940,台中市西區中美街456號
搶奪,0941103 0840,台中市南屯區東興東街37號
搶奪,0941103 0940,台中市北屯區崇德二路1段290號
搶奪,0941103 1400,台中市北區梅亭ˋ大義街
搶奪,0941103 1600,台中市西區建國路1號
搶奪,0941104 1800,台中市南區樹義里復興路1段207巷17號
搶奪,0941104 1835,台中市南區和平里忠明南路760號
搶奪,0941104 1840,台中市南屯區公益路2段600號
搶奪,0941104 1855,台中市西區公益路
搶奪,0941104 1925,台中市東區東勢里進德北路63號
搶奪,0941104 1940,台中市北屯區河北路崇德二路口
搶奪,0941104 2130,台中市北屯區青島路3段151號
搶奪,0941105 0800,台中市北區柳川西.五順路
搶奪,0941105 2000,台中市西區美村路1段564巷
搶奪,0941105 2325,台中市東區新庄里復興路4段147號
搶奪,0941106 0945,台中市西區向上北路237號
搶奪,0941106 1420,台中市中區光復路18號
搶奪,0941106 1630,台中市西區五權西三街
搶奪,0941106 1930,台中市北區北興街203號
搶奪,0941106 2100,台中市北區五權.錦平路
搶奪,0941106 2230,台中市西區美村路
搶奪,0941107 0130,台中市北區力行路376號之3
搶奪,0941107 0150,台中市西屯區西安街福星路口
搶奪,0941107 1250,台中市西屯區惠來里文心路2段99號
搶奪,0941107 1310,台中市北屯區篰子路462號
搶奪,0941107 1715,台中市東區東英里東英十一街與十全街口
搶奪,0941107 1830,台中市北區柳川東.英才路
搶奪,0941107 1845,台中市南區南和里3鄰永和街90號
搶奪,0941107 2030,台中市南屯區向心南905巷與文心南2
搶奪,0941108 0640,台中市北屯區遼寧路崇德二路口
搶奪,0941108 1045,台中市北屯區中清路新平巷23號
搶奪,0941108 1215,台中市北屯區興安路2段496號
搶奪,0941108 1450,台中市南區長榮里國光路70號
搶奪,0941108 1710,台中市南區國光里仁和路213巷
搶奪,0941108 1925,台中市南區南和里忠明南路與工學二街口
搶奪,0941108 2030,台中市西屯區惠來里政和路77號
搶奪,0941108 2200,台中市南屯區黎明路1段425號
搶奪,0941109 0715,台中市西屯區西平里逢甲路與逢甲72巷口
搶奪,0941109 1010,台中市北區北平ˋ華美路
搶奪,0941109 1210,台中市南屯區公益路與大英街口
搶奪,0941109 1215,台中市西區中美街
搶奪,0941109 1700,台中市西區忠誠里中港路與美村路口
搶奪,0941109 1810,台中市南屯區大進街
搶奪,0941109 2140,台中市北屯區太原路3段116號
搶奪,0941109 2205,台中市南區城隍里正氣街170號
搶奪,0941109 2210,台中市南屯區向心南路982號
搶奪,0941110 1000,台中市南區工學里工學北路與德富路口
搶奪,0941110 1010,台中市北屯區遼寧路1段59巷
搶奪,0941110 1200,台中市西區民生路200號
搶奪,0941110 1350,台中市北區博館ˋ育德路
搶奪,0941110 1510,台中市西區民權路91號
搶奪,0941110 2020,台中市南屯區文心南一路71號
搶奪,0941110 2105,台中市南區西川里崇倫北街192巷內弄
搶奪,0941111 1520,台中市西屯區文心路2段99號
搶奪,0941112 1330,台中市南區江川里永東街與永南街口
搶奪,0941112 1910,台中市北屯區瀋陽路1段98號
搶奪,0941112 1940,台中市北屯區瀋陽路3段345號
搶奪,0941113 0020,台中市北屯區新興路9巷
搶奪,0941113 1045,台中市北屯區興安路文昌東十一街口
搶奪,0941113 1255,台中市北屯區昌平路2段
搶奪,0941113 1436,台中市南屯區大業里大墩路與大墩十二街
搶奪,0941113 1732,台中市北區瑞祥街84號
搶奪,0941113 1945,台中市南屯區大同里大墩四街142號
搶奪,0941114 1005,台中市東區合作里力行路83號之2
搶奪,0941114 1017,台中市北屯區國校巷1號
搶奪,0941114 1030,台中市北屯區中清西二街25號
搶奪,0941114 1250,台中市南區樹德里建國南路大慶火車站前
搶奪,0941114 1340,台中市西屯區西屯路2段107號
搶奪,0941114 1345,台中市東區旱溪里東光路88號
搶奪,0941114 1430,台中市西區五權路
搶奪,0941114 1900,台中市北屯區天津路文昌東九街口
搶奪,0941114 1940,台中市北屯區崇德路天津路口
搶奪,0941115 0815,台中市南區工學里工學北路工學市場前
搶奪,0941115 1758,台中市南屯區永春東路323號
搶奪,0941116 1105,台中市北屯區昌平路2段2巷8號
搶奪,0941116 1120,台中市南屯區大墩4街47號
搶奪,0941116 1120,台中市西屯區大墩18街106號
搶奪,0941116 1525,台中市南屯區公益路2段29號
搶奪,0941116 1830,台中市南屯區文心南二路與向心南路
搶奪,0941116 2015,台中市中區中華路1段207號
搶奪,0941117 1050,台中市西屯區何安里四川路120巷20號
搶奪,0941117 1530,台中市西屯區黎明路朝馬路口
搶奪,0941117 2100,台中市東區泉源里忠孝路147巷2號
搶奪,0941118 0800,台中市北區北平路2段90號
搶奪,0941118 1000,台中市西屯區重慶路西屯路口
搶奪,0941118 1020,台中市北屯區旅順路與昌平路
搶奪,0941118 1552,台中市西屯區惠來里文心一路168號
搶奪,0941118 1945,台中市西區五權路1號之138
搶奪,0941118 2254,台中市北屯區大連西路27號
搶奪,0941119 1915,台中市北屯區遼寧路1段371號
搶奪,0941120 1435,台中市中區中山路
搶奪,0941120 1630,台中市中區公園路2-2號
搶奪,0941120 2050,台中市西屯區市政北七路惠中二街口
搶奪,0941121 0910,台中市北屯區崇德三路7號
搶奪,0941121 1730,台中市北屯區國強街163號
搶奪,0941121 1810,台中市西區懷寧路97號
搶奪,0941121 2140,台中市南屯區南屯路2段902號
搶奪,0941122 0940,台中市南屯區黎明路與永春東路口
搶奪,0941122 1000,台中市西區精誠路378號
搶奪,0941122 1130,台中市南區愛國街與正義街口
搶奪,0941123 0515,台中市北屯區北屯路200巷38弄3號
搶奪,0941123 1150,台中市南區南和里忠明南路
搶奪,0941123 1500,台中市西區五權西路
搶奪,0941123 1507,台中市西區公益路
搶奪,0941123 1530,台中市北屯區安順東十街柳陽西街口
搶奪,0941123 1840,台中市北屯區陳平路28號
搶奪,0941124 1512,台中市南屯區公益路與大聖街口
搶奪,0941124 1900,台中市中區中正路
搶奪,0941124 2030,台中市南屯區黎明路2段363號
搶奪,0941125 0410,台中市南屯區五權西路2段968號之2
搶奪,0941125 0735,台中市南區樹德里建國北路1段110號
搶奪,0941125 1130,台中市北屯區中平路509巷
搶奪,0941125 1200,台中市西屯區何安里西屯路2段95號之47
搶奪,0941125 1705,台中市東區泉源里振興路99號
搶奪,0941125 1810,台中市西屯區中清西二街國泰一巷
搶奪,0941125 1905,台中市南屯區向心南路豐樂公園對面
搶奪,0941126 1110,台中市南區福興里福平街2-5號
搶奪,0941127 1400,台中市東區振興里大智路與信義街口
搶奪,0941127 2200,台中市北區尊賢街2號
搶奪,0941128 0920,台中市北屯區陳平路53號
搶奪,0941129 0445,台中市北區育德路108號
搶奪,0941129 0855,台中市東區干城里雙十路與自由路口
搶奪,0941130 0920,台中市北區柳川東ˋ精武路
搶奪,0941130 1145,台中市南區工學里復興路二段與德富路口
搶奪,0941130 1555,台中市西屯區福上巷218號之3
搶奪,0941130 1800,台中市北區太平ˋ大誠路
搶奪,0941130 2150,台中市東區富仁里進德路126號
搶奪,0941130 2335,台中市北屯區敦化路467巷28號
搶奪,0941201 1005,台中市北屯區文心路4段667號
搶奪,0941201 1526,台中市北區博館二街10巷
搶奪,0941201 1700,台中市南屯區公益路2段18號
搶奪,0941202 1530,台中市西區民權路73號
搶奪,0941202 1715,台中市北屯區昌平路2段3-23號
搶奪,0941202 1730,台中市南屯區博愛街99號
搶奪,0941202 2130,台中市北區梅亭東街.育強街
搶奪,0941205 1410,台中市南屯區大墩四街56號
搶奪,0941205 1545,台中市南屯區豐順街43號
搶奪,0941206 1900,台中市東區干城里新民街68號
搶奪,0941206 1915,台中市北屯區天津路4段261巷9號
搶奪,0941207 0550,台中市東區東門里東光園路177巷7號前樓
搶奪,0941207 0915,台中市東區富仁里自由路3段37號
搶奪,0941207 1300,台中市中區成功路
搶奪,0941207 1700,台中市西區精誠路155號
搶奪,0941207 1700,台中市北屯區柳陽東街24號
搶奪,0941208 1300,台中市北區山西.北平路
搶奪,0941208 1800,台中市南屯區大英西一街54號
搶奪,0941208 2110,台中市中區三民成功路
搶奪,0941209 1110,台中市北區健行路518巷99號
搶奪,0941209 1400,台中市南屯區大墩12街174號
搶奪,0941209 1525,台中市北屯區四平路聯邦巷口
搶奪,0941209 1920,台中市北屯區平德路41巷23弄13號
搶奪,0941209 1930,台中市南區南和里工學三街
搶奪,0941209 1955,台中市北屯區熱河路3段93巷42弄30號
搶奪,0941210 1105,台中市北屯區大連路3段21巷55號
搶奪,0941210 1150,台中市西區文化街123號
搶奪,0941210 1510,台中市西屯區惠來里文心路市政北三路口
搶奪,0941210 1600,台中市中區成功路
搶奪,0941210 1730,台中市南屯區大墩路與大墩14街口
搶奪,0941210 2110,台中市南屯區文心南五路256號
搶奪,0941211 0920,台中市北屯區雷中街25巷
搶奪,0941211 1050,台中市北屯區崇德三路昌平路口
搶奪,0941211 1150,台中市西屯區大福里長安路2段138號
搶奪,0941211 1556,台中市西區精誠路
搶奪,0941212 1100,台中市南區南和里工學五街120號
搶奪,0941213 1110,台中市北屯區雷中街25巷8-1號
搶奪,0941213 1250,台中市東區東興里七中路228公園
搶奪,0941213 1620,台中市西屯區福康路福科路口
搶奪,0941213 1845,台中市南屯區大墩路與大墩三街
搶奪,0941214 0930,台中市北屯區東山路1段39號
搶奪,0941214 1500,台中市北屯區平德路1巷17號
搶奪,0941214 1630,台中市北區精武ˋ復興路
搶奪,0941214 1740,台中市北屯區遼陽北一街10號
搶奪,0941214 1920,台中市東區新庄里復興路4段76號
搶奪,0941215 0800,台中市北屯區大連北街
搶奪,0941215 1330,台中市西屯區長安路成都路口
搶奪,0941215 1445,台中市南區國光里臺中路128號
搶奪,0941215 1630,台中市中區民族路
搶奪,0941215 1740,台中市北區英士路.光大路
搶奪,0941215 1920,台中市北區青島.天津路
搶奪,0941215 2128,台中市西區五權西二街
搶奪,0941216 0330,台中市北屯區梅川東路4段145號
搶奪,0941216 1415,台中市中區公園路
搶奪,0941216 2020,台中市西區四維路21號
搶奪,0941216 2215,台中市西區建國北路
搶奪,0941217 1540,台中市西屯區長安路2段213號
搶奪,0941218 2020,台中市東區富仁里精武路39巷29弄
搶奪,0941219 0930,台中市南區長春里正義街100號對面
搶奪,0941219 1155,台中市南屯區大英街與大墩11街
搶奪,0941219 1330,台中市西屯區中清路83號
搶奪,0941219 1630,台中市南屯區大聖街與公益路口
搶奪,0941219 1720,台中市中區建國路
搶奪,0941219 1800,台中市北屯區青島路麻園東街口
搶奪,0941219 1955,台中市北屯區文心路3段1055號
搶奪,0941220 0930,台中市北屯區興安路1段128巷
搶奪,0941220 1220,台中市南區國光里建成路101巷
搶奪,0941220 1910,台中市北區美德街193號
搶奪,0941220 1915,台中市北屯區遼寧路1段180號
搶奪,0941221 0350,台中市北屯區豐樂路九甲巷口
搶奪,0941221 1730,台中市南屯區公益路與大昌街口
搶奪,0941221 1800,台中市西區五權西四街
搶奪,0941221 2110,台中市西區公正路
搶奪,0941222 0215,台中市南區福順里美村路2段184號
搶奪,0941222 0815,台中市西區健行路964巷94號
搶奪,0941222 1220,台中市北區德化街233號
搶奪,0941222 1220,台中市西區樂群路37號
搶奪,0941222 1250,台中市北屯區國校巷41號之10
搶奪,0941222 1300,台中市北區大雅路291號
搶奪,0941222 1320,台中市北區文昌東二街76號
搶奪,0941222 1530,台中市南區合作街與信義南街口
搶奪,0941223 0205,台中市東區泉源里樂業路與復興東路口
搶奪,0941223 1110,台中市北屯區平德路1巷
搶奪,0941223 1355,台中市西區五權西路1段257號
搶奪,0941223 1700,台中市南區長春里合作街與信義南街口
搶奪,0941223 1710,台中市東區樂成里東光園路與樂業路口
搶奪,0941223 2020,台中市西區繼光街5號
搶奪,0941223 2130,台中市南屯區向心南路967號
搶奪,0941224 0610,台中市東區泉源里復興東路與樂業路口
搶奪,0941224 1850,台中市北屯區崇德五路351號
搶奪,0941224 1950,台中市南屯區大墩14街267號
搶奪,0941224 2020,台中市北區一中街
搶奪,0941225 0010,台中市西區公益路
搶奪,0941225 0550,台中市南區南門里南門路68號
搶奪,0941225 0620,台中市西區中美街595號
搶奪,0941225 1300,台中市北屯區大鵬路新平巷口
搶奪,0941226 0628,台中市西屯區逢甲里至善路236號
搶奪,0941226 0758,台中市北區太平路24號
搶奪,0941226 1155,台中市東區干城里自由一街與自由路口
搶奪,0941226 1252,台中市北屯區青島路文昌東六街口
搶奪,0941226 1310,台中市西屯區何南里精明二街
搶奪,0941226 1340,台中市北屯區文昌三街119號
搶奪,0941226 1347,台中市北屯區安順東五街17號
搶奪,0941226 1645,台中市西屯區漢成街130號
搶奪,0941226 1940,台中市西區忠義路
搶奪,0941227 1325,台中市東區富仁里富榮街與自由二街口
搶奪,0941227 1630,台中市東區東勢里進化路3-1號
搶奪,0941228 0945,台中市南區南和里工學路128號
搶奪,0941228 1155,台中市西區樂群街86號
搶奪,0941228 2300,台中市北區永定一街52號
搶奪,0941229 1240,台中市北屯區綏遠路安順二街口
搶奪,0941229 1815,台中市南屯區大墩六街350號
搶奪,0941230 0725,台中市南區建國北路1段110號
搶奪,0941230 1925,台中市西區中興路
搶奪,0941230 2030,台中市北區五權路500巷5弄1號
搶奪,0941231 1435,台中市北屯區中清路72-8號
搶奪,0941231 1840,台中市南屯區公益路與惠文路
搶奪,0941231 2155,台中市東區新庄里和平街108巷
搶奪,,台中市北屯區昌平路1段137號
搶奪,,台中市北區光大.五常